id,name,path,project_name
039ecfcb-2e46-47c5-a72b-a2e4d72d40b4,sharding-parser.c,/plugins/shard/sharding-parser.c,cetus
1a85af96-5409-43d9-aeeb-49aa1bc74d90,shard-plugin.c,/plugins/shard/shard-plugin.c,cetus
4e87daeb-4b3e-400f-8fc3-3223176b8fc7,admin-stats.c,/plugins/admin/admin-stats.c,cetus
c18352d3-96aa-4276-a1f4-6e90305b0ae8,admin-commands.c,/plugins/admin/admin-commands.c,cetus
12f77c64-8fe8-41f3-89dd-81a78ec34267,admin-plugin.c,/plugins/admin/admin-plugin.c,cetus
ad6ec6a8-9ecd-40f2-badb-5e984b85ca50,proxy-plugin.c,/plugins/proxy/proxy-plugin.c,cetus
d37c73f9-4112-4a48-b9ec-bb4ea9384a54,lempar.c,/tools/lempar.c,cetus
2cc89b33-13dd-4155-af65-1651ec0fc8bf,lemon.c,/tools/lemon.c,cetus
cb1a3070-f7cb-4a9b-865e-cfdc3de6a405,event.c,/libev/event.c,cetus
99ecfe6c-55b4-4728-8142-92993fa1ffe6,ev_port.c,/libev/ev_port.c,cetus
92c97eb0-bc45-4f05-95bc-80e796f40bad,ev_epoll.c,/libev/ev_epoll.c,cetus
1f04894d-d181-48e7-af65-557d8918fa9f,ev_select.c,/libev/ev_select.c,cetus
f2e61455-44b3-4a2e-b772-f1fac1e8565e,ev_kqueue.c,/libev/ev_kqueue.c,cetus
234161c8-4710-485f-9d73-2345ee5e40e7,ev.c,/libev/ev.c,cetus
db3cccdf-9728-419a-b34e-d362325073aa,ev_poll.c,/libev/ev_poll.c,cetus
b85eda69-cd7e-4052-bf1d-db9fbf8345d0,ev_win32.c,/libev/ev_win32.c,cetus
51bff2ef-d283-4b4d-ad3a-d1dd926e2ec8,sql-expression.c,/lib/sql-expression.c,cetus
46582b5a-ed88-4fa2-a04a-bedb3231d6be,sql-property.c,/lib/sql-property.c,cetus
bebc995a-8b79-4c7c-9e19-914fb7f7c41c,sql-operation.c,/lib/sql-operation.c,cetus
89f5dd38-bc7c-4845-8df9-ad95e1865a6e,sql-construction.c,/lib/sql-construction.c,cetus
5f74db16-86ea-4773-8209-3aa474a92cdd,sql-context.c,/lib/sql-context.c,cetus
c2ce58e2-2467-44fc-a3eb-f3272b601791,sql-filter-variables.c,/lib/sql-filter-variables.c,cetus
95ee5f26-1ddb-4126-bf72-6feb1f1630c9,mysql-proxy-cli.c,/src/mysql-proxy-cli.c,cetus
5b4e7e9b-0284-4c63-b707-23671ef86568,chassis-options.c,/src/chassis-options.c,cetus
86362418-28ae-47e5-98c0-55894f60c337,cetus-channel.c,/src/cetus-channel.c,cetus
0ced6ab1-fa9a-4e31-b8fb-c13831fd7990,chassis-unix-daemon.c,/src/chassis-unix-daemon.c,cetus
08b13eae-4742-42ad-8e37-0e602b529400,network-conn-pool.c,/src/network-conn-pool.c,cetus
e87ab056-f3e6-4f8b-ba65-b307bbfa3d83,chassis-filemode.c,/src/chassis-filemode.c,cetus
4f04bad2-22f7-47f6-abf1-17c231d90b1b,cetus-util.c,/src/cetus-util.c,cetus
525b797d-0a12-49b6-9e9c-42c5e866ecd6,plugin-common.c,/src/plugin-common.c,cetus
d510092d-aa51-4c47-86fb-ba75531eb324,chassis-sql-log.c,/src/chassis-sql-log.c,cetus
3fd271e1-c9dc-4af9-815b-4ad168e67de5,character-set.c,/src/character-set.c,cetus
c2a2cd39-5186-43fb-9ec1-d38fbf78fb4c,network-mysqld-proto.c,/src/network-mysqld-proto.c,cetus
de9da2d7-2503-4f50-9d39-916a5dccb2a0,network-ssl.c,/src/network-ssl.c,cetus
f9d58a39-3891-4d2a-b8cf-b56771326bf4,network-compress.c,/src/network-compress.c,cetus
4ef5576d-b4d8-4b1d-9bfe-36b7f36a1f0e,chassis-frontend.c,/src/chassis-frontend.c,cetus
a15eebf5-e587-4b96-97e0-9013a9056fb5,chassis-log.c,/src/chassis-log.c,cetus
38c50a52-82ff-4317-bb0c-49a5a7ff1535,network-conn-pool-wrap.c,/src/network-conn-pool-wrap.c,cetus
9f9c9b6c-63c4-44ac-a859-fe4522925490,resultset_merge.c,/src/resultset_merge.c,cetus
4278edcf-3795-46ff-bc38-5c2cdf577e11,cetus-process.c,/src/cetus-process.c,cetus
c7f7289d-2163-465b-8411-8ef825888644,cJSON.c,/src/cJSON.c,cetus
2f8ce9ac-0b60-4eeb-99b0-209acb758ea2,network-queue.c,/src/network-queue.c,cetus
1dc99371-e10e-43c6-bd8c-ff41a55846c8,network-injection.c,/src/network-injection.c,cetus
3196735f-b0df-472c-a444-c75b77bd8c41,chassis-path.c,/src/chassis-path.c,cetus
8a8d7882-4f83-42f2-b510-40db0a09de75,cetus-process-cycle.c,/src/cetus-process-cycle.c,cetus
2a66cc2c-9119-4555-9243-a4784b2436a4,chassis-shutdown-hooks.c,/src/chassis-shutdown-hooks.c,cetus
943fea4a-a398-4d17-b4a9-3c6407059960,chassis-config.c,/src/chassis-config.c,cetus
053cc837-3fb1-4e74-b686-5d5eb353b398,shard-plugin-con.c,/src/shard-plugin-con.c,cetus
0fc6499a-c185-4cca-9a21-ba91e7809070,sharding-query-plan.c,/src/sharding-query-plan.c,cetus
bb4b52b2-34bd-4594-b5da-b6eea03cd1a4,glib-ext.c,/src/glib-ext.c,cetus
6370a4ce-d9d7-440d-b11b-d1bce77e1c13,sharding-config.c,/src/sharding-config.c,cetus
88c1ac54-0927-475b-83b2-392a8547a3af,network-address.c,/src/network-address.c,cetus
1237ed0a-7f7c-44a1-b6c8-1b44e1b9cb63,cetus-monitor.c,/src/cetus-monitor.c,cetus
5545cf89-85d8-4a62-aedc-22903115a873,network-socket.c,/src/network-socket.c,cetus
f9234f04-5ea9-4c48-b8e5-2549b0357178,chassis-plugin.c,/src/chassis-plugin.c,cetus
223500e3-c4e3-4127-baa0-26b616f81785,network-mysqld-packet.c,/src/network-mysqld-packet.c,cetus
6a48e897-7b5c-4330-bedf-ac6b009cb6bb,chassis-mainloop.c,/src/chassis-mainloop.c,cetus
eca46c6e-1484-4e54-aac6-2a2157db523f,network-backend.c,/src/network-backend.c,cetus
a65f57eb-c703-433c-a0a9-0b759516b281,cetus-log.c,/src/cetus-log.c,cetus
d6942521-379b-4b6d-9dbf-01705a7d9993,server-session.c,/src/server-session.c,cetus
19cc1d15-a947-461d-99bc-fa726d5b6ba9,cetus-acl.c,/src/cetus-acl.c,cetus
ea828ea8-d7f6-4c78-a072-3b941429d813,chassis-event.c,/src/chassis-event.c,cetus
099d2202-abc5-49ab-84aa-df537c7d85a2,network-mysqld.c,/src/network-mysqld.c,cetus
4b1db06c-1753-46c9-ac85-d045e73a6b2b,chassis-limits.c,/src/chassis-limits.c,cetus
7ba22f93-9a58-4a19-83e1-516152c8f2a0,cetus-users.c,/src/cetus-users.c,cetus
2a3d4017-4776-4e85-9fec-26e95ab2a23d,chassis-options-utils.c,/src/chassis-options-utils.c,cetus
59f462b7-084d-46e1-ac63-19c09dbb9687,cetus-setaffinity.c,/src/cetus-setaffinity.c,cetus
3c80b759-2b9a-43c1-89de-780b7ba8e2ea,chassis-keyfile.c,/src/chassis-keyfile.c,cetus
7bb59968-32e6-4253-8e7f-7505f6d6c0be,cetus-variable.c,/src/cetus-variable.c,cetus
08000e4a-c306-47f2-8927-794d9f755217,chassis-timings.c,/src/chassis-timings.c,cetus
f4d9d6f6-973b-4d1b-9474-3102af6770a6,HAVE_SOCKLEN_T.c,/build/CMakeFiles/CheckTypeSize/HAVE_SOCKLEN_T.c,cetus
7c8cc27f-bb5e-46b6-ba5b-3b9602d6d164,HAVE_ULONG.c,/build/CMakeFiles/CheckTypeSize/HAVE_ULONG.c,cetus
47c57143-be07-493a-9b3b-ea9844f71098,SIZEOF_RLIM_T.c,/build/CMakeFiles/CheckTypeSize/SIZEOF_RLIM_T.c,cetus
95ee0bbf-74f7-4e15-ae6e-ab8bffa867e3,HAVE_SYS_TIME_H.c,/build/CMakeFiles/CheckIncludeFiles/HAVE_SYS_TIME_H.c,cetus
87789fad-b8a7-4ee6-a250-9dc0b39278cb,HAVE_GTHREAD_H.c,/build/CMakeFiles/CheckIncludeFiles/HAVE_GTHREAD_H.c,cetus
45715512-191b-4dd4-a8ed-56388d88a3a7,HAVE_NET_IF_DL_H.c,/build/CMakeFiles/CheckIncludeFiles/HAVE_NET_IF_DL_H.c,cetus
d397a70a-6bfa-4c67-9f46-e7b2a11c948c,HAVE_SYS_FILIO_H.c,/build/CMakeFiles/CheckIncludeFiles/HAVE_SYS_FILIO_H.c,cetus
82c0e8a3-41b3-4e82-a477-2056d506133f,HAVE_STDINT_H.c,/build/CMakeFiles/CheckIncludeFiles/HAVE_STDINT_H.c,cetus
627070bd-fff0-4120-8df7-41270c8036f5,HAVE_SYS_SOCKET_H.c,/build/CMakeFiles/CheckIncludeFiles/HAVE_SYS_SOCKET_H.c,cetus
337c3795-728a-4a6a-87ec-26b109cee750,HAVE_INTTYPES_H.c,/build/CMakeFiles/CheckIncludeFiles/HAVE_INTTYPES_H.c,cetus
228a5422-61ea-4fff-ba2e-7ac2f59431d4,HAVE_SIGNAL_H.c,/build/CMakeFiles/CheckIncludeFiles/HAVE_SIGNAL_H.c,cetus
7572d3eb-b1eb-4b32-bea2-04cba7acb742,HAVE_SYS_TYPES_H.c,/build/CMakeFiles/CheckIncludeFiles/HAVE_SYS_TYPES_H.c,cetus
2b8e24c3-4e96-4afc-918d-6424cfe9fc7c,HAVE_GLIB_H.c,/build/CMakeFiles/CheckIncludeFiles/HAVE_GLIB_H.c,cetus
896ede95-4386-4fdb-bd6d-dfda146b733a,HAVE_SYSLOG_H.c,/build/CMakeFiles/CheckIncludeFiles/HAVE_SYSLOG_H.c,cetus
8c51dfce-b134-40cb-a891-3b9f89b14575,HAVE_PWD_H.c,/build/CMakeFiles/CheckIncludeFiles/HAVE_PWD_H.c,cetus
2bc1ca2f-1259-4766-9f9b-19126edd0286,HAVE_TIME_H.c,/build/CMakeFiles/CheckIncludeFiles/HAVE_TIME_H.c,cetus
dd8831c2-dd87-4fc7-aee8-4e52513de98b,HAVE_UNISTD_H.c,/build/CMakeFiles/CheckIncludeFiles/HAVE_UNISTD_H.c,cetus
87b80812-278f-46e6-b4b6-2947268a2292,HAVE_STDDEF_H.c,/build/CMakeFiles/CheckIncludeFiles/HAVE_STDDEF_H.c,cetus
717d0b42-3355-4a5f-8265-34500c36e214,HAVE_ZLIB_H.c,/build/CMakeFiles/CheckIncludeFiles/HAVE_ZLIB_H.c,cetus
9f92052c-c9e5-44ab-b53b-7976874239e1,HAVE_STDLIB_H.c,/build/CMakeFiles/CheckIncludeFiles/HAVE_STDLIB_H.c,cetus
c4190d6e-fa36-49d6-9c91-c3c75aa77914,HAVE_SYS_IOCTL_H.c,/build/CMakeFiles/CheckIncludeFiles/HAVE_SYS_IOCTL_H.c,cetus
43be57f6-4dd4-4b3e-9e11-4396c85726cc,HAVE_SYS_PARAM_H.c,/build/CMakeFiles/CheckIncludeFiles/HAVE_SYS_PARAM_H.c,cetus
6256ac96-a939-4fcb-b614-5fd28e539bcd,HAVE_SYS_UN_H.c,/build/CMakeFiles/CheckIncludeFiles/HAVE_SYS_UN_H.c,cetus
f5106bad-4efb-4225-9458-8aa40f6bfc58,HAVE_SYS_SOCKIO_H.c,/build/CMakeFiles/CheckIncludeFiles/HAVE_SYS_SOCKIO_H.c,cetus
f5e20211-b0e3-49e2-8253-434ab6c7031d,HAVE_MYSQL_H.c,/build/CMakeFiles/CheckIncludeFiles/HAVE_MYSQL_H.c,cetus
3996c829-b1fe-412a-b34f-1a777824b5b7,HAVE_SYS_RESOURCE_H.c,/build/CMakeFiles/CheckIncludeFiles/HAVE_SYS_RESOURCE_H.c,cetus
88e5ec08-4613-48ac-b13c-ed1e7c9cb865,HAVE_NET_IF_H.c,/build/CMakeFiles/CheckIncludeFiles/HAVE_NET_IF_H.c,cetus
b6503768-079c-44b9-a506-ac1dcd6f6358,HAVE_NETINET_IN_H.c,/build/CMakeFiles/CheckIncludeFiles/HAVE_NETINET_IN_H.c,cetus
f479a6d9-f88c-4095-af2a-f0caa7dfcda1,HAVE_SYS_UIO_H.c,/build/CMakeFiles/CheckIncludeFiles/HAVE_SYS_UIO_H.c,cetus
