id,name,path,project_name,loc
feb10a36-8d90-4ca4-bb1a-c52eca5836f4,TestQSortR.c,cmake/Modules/TestQSortR.c,ejdb,5
cd3fce11-cc99-4a1b-89c2-4e35b634619c,strliteral.c,extra/iwnet/tools/strliteral.c,ejdb,206
91cdb8a6-ea46-4425-93a4-52c9f2bdac4d,mimegen.c,extra/iwnet/tools/mimegen.c,ejdb,149
879c32a3-bdb8-4f5a-9cc9-853333d1601f,iwnet.c,extra/iwnet/src/iwnet.c,ejdb,6
3db022f2-91cc-457f-a4b1-ac3d005c55d1,iwn_brssl_poller_adapter.c,extra/iwnet/src/ssl/iwn_brssl_poller_adapter.c,ejdb,595
f412bf1d-83dd-4b66-a500-a417152e6b3c,iwn_scheduler.c,extra/iwnet/src/poller/iwn_scheduler.c,ejdb,61
95c2391d-8849-4f76-ae89-8c982c12b6ef,iwn_proc.c,extra/iwnet/src/poller/iwn_proc.c,ejdb,715
7c0e6f38-4d66-4bc4-ba9a-4295af82a1a7,iwn_direct_poller_adapter.c,extra/iwnet/src/poller/iwn_direct_poller_adapter.c,ejdb,86
70400072-586e-4601-bfb5-fd57ac673291,iwn_poller.c,extra/iwnet/src/poller/iwn_poller.c,ejdb,1089
79492653-7507-4cf2-9f0f-5728edf68bb0,poller_timeout_test1.c,extra/iwnet/src/poller/tests/poller_timeout_test1.c,ejdb,39
a248953b-d508-4329-a97f-4786fe7abe1a,poller_proc_test1.c,extra/iwnet/src/poller/tests/poller_proc_test1.c,ejdb,137
a39d2e57-f5f3-4da7-bdb4-2dc18ae6674a,poller_scheduler_test1.c,extra/iwnet/src/poller/tests/poller_scheduler_test1.c,ejdb,34
52daca91-6ad1-455f-b2a8-858218cd2214,poller_pipe_test1.c,extra/iwnet/src/poller/tests/poller_pipe_test1.c,ejdb,77
e2aa979c-ba37-417d-8f1b-7f1420b41d8b,echo.c,extra/iwnet/src/poller/tests/echo.c,ejdb,23
4de7882b-619d-4386-b13f-d3b4e2a5a844,settings.c,extra/iwnet/src/bearssl/settings.c,ejdb,306
858b9e8f-6347-4e09-8cfe-e1dcd99f4dc7,shake.c,extra/iwnet/src/bearssl/kdf/shake.c,ejdb,590
45f20823-5216-4841-89d2-f14e332859f3,hkdf.c,extra/iwnet/src/bearssl/kdf/hkdf.c,ejdb,107
e721c45a-7ccd-4f88-b9d8-83b22cf2edd7,ssl_hashes.c,extra/iwnet/src/bearssl/ssl/ssl_hashes.c,ejdb,46
b747f31d-e4db-458b-957e-5cba1544bbd9,ssl_scert_single_ec.c,extra/iwnet/src/bearssl/ssl/ssl_scert_single_ec.c,ejdb,142
f9d164b7-3c40-47c1-9499-a31b8578613b,ssl_engine_default_rsavrfy.c,extra/iwnet/src/bearssl/ssl/ssl_engine_default_rsavrfy.c,ejdb,32
c093ceb5-d6b6-41bf-b7af-2c25e61e7f5f,prf.c,extra/iwnet/src/bearssl/ssl/prf.c,ejdb,73
68e3ef9f-1477-4405-b38d-e6b87427e33f,ssl_engine_default_ecdsa.c,extra/iwnet/src/bearssl/ssl/ssl_engine_default_ecdsa.c,ejdb,38
40bc787b-e41f-41bd-b2b9-8b620d02285b,ssl_server_minf2c.c,extra/iwnet/src/bearssl/ssl/ssl_server_minf2c.c,ejdb,71
1561c971-9e31-40f4-a91a-f913015a5861,ssl_server_mine2g.c,extra/iwnet/src/bearssl/ssl/ssl_server_mine2g.c,ejdb,71
76db9c96-91ba-4296-a6ee-f60330310a95,ssl_io.c,extra/iwnet/src/bearssl/ssl/ssl_io.c,ejdb,261
794fcd6f-c328-4ecc-b4de-8d3e784a5fe4,ssl_server_minr2g.c,extra/iwnet/src/bearssl/ssl/ssl_server_minr2g.c,ejdb,70
68a0c71f-6986-4d47-aad2-f55393bfe34b,ssl_server_mine2c.c,extra/iwnet/src/bearssl/ssl/ssl_server_mine2c.c,ejdb,71
2002989c-f8fe-4b23-9a73-4394be0d0c0a,ssl_engine.c,extra/iwnet/src/bearssl/ssl/ssl_engine.c,ejdb,1584
ec30affa-2564-4958-82c3-951b21b17cc9,ssl_hs_client.c,extra/iwnet/src/bearssl/ssl/ssl_hs_client.c,ejdb,1915
2c41a92a-2727-4e57-b6dd-dd18bf0e2d30,ssl_engine_default_aesccm.c,extra/iwnet/src/bearssl/ssl/ssl_engine_default_aesccm.c,ejdb,67
77f4b169-4f1e-4981-8795-7df3e40786bf,ssl_rec_ccm.c,extra/iwnet/src/bearssl/ssl/ssl_rec_ccm.c,ejdb,213
4d0a7307-b471-418d-9f77-040e460f4bbd,ssl_server_minf2g.c,extra/iwnet/src/bearssl/ssl/ssl_server_minf2g.c,ejdb,71
3a802d63-56c1-4f9e-9ecd-0ee93f33cbea,ssl_client.c,extra/iwnet/src/bearssl/ssl/ssl_client.c,ejdb,78
bfb30188-6146-4076-b9ef-17e69957b07f,ssl_server_minu2g.c,extra/iwnet/src/bearssl/ssl/ssl_server_minu2g.c,ejdb,70
e3c7ba44-0a6e-49cd-9db0-c7e96b08458b,ssl_rec_gcm.c,extra/iwnet/src/bearssl/ssl/ssl_rec_gcm.c,ejdb,235
1b46e021-87a2-4f52-9ec1-16b63e2967f3,ssl_rec_chapol.c,extra/iwnet/src/bearssl/ssl/ssl_rec_chapol.c,ejdb,177
f8b6ddf3-bb09-49d2-a5d8-143227cadc15,ssl_engine_default_aesgcm.c,extra/iwnet/src/bearssl/ssl/ssl_engine_default_aesgcm.c,ejdb,89
68453053-70ef-4776-9421-7ca0840f839c,ssl_keyexport.c,extra/iwnet/src/bearssl/ssl/ssl_keyexport.c,ejdb,83
bc6f84cf-0bdd-4bd8-83e9-fc5a8cbbc842,ssl_engine_default_aescbc.c,extra/iwnet/src/bearssl/ssl/ssl_engine_default_aescbc.c,ejdb,64
f419ac82-f8d2-4900-9915-b2e291bf5937,ssl_rec_cbc.c,extra/iwnet/src/bearssl/ssl/ssl_rec_cbc.c,ejdb,440
30fa76ae-c1fb-47ca-92cf-a715da7e03e6,ssl_server_minv2g.c,extra/iwnet/src/bearssl/ssl/ssl_server_minv2g.c,ejdb,70
dfbf8b88-89aa-49ea-942d-9931a3e37ad7,ssl_engine_default_descbc.c,extra/iwnet/src/bearssl/ssl/ssl_engine_default_descbc.c,ejdb,37
4ea3280a-e9b4-4373-94e1-9f1753bde083,ssl_lru.c,extra/iwnet/src/bearssl/ssl/ssl_lru.c,ejdb,537
fa21d5bd-a4f5-44e8-a10c-d09874d221c5,prf_sha384.c,extra/iwnet/src/bearssl/ssl/prf_sha384.c,ejdb,36
03849871-c83e-4276-b841-b907c7a89f17,prf_sha256.c,extra/iwnet/src/bearssl/ssl/prf_sha256.c,ejdb,36
c57a2153-44c7-473e-9a37-a16f102c506c,ssl_server.c,extra/iwnet/src/bearssl/ssl/ssl_server.c,ejdb,52
6090c572-3f2b-46bc-94b9-c93805cee5ca,ssl_hs_server.c,extra/iwnet/src/bearssl/ssl/ssl_hs_server.c,ejdb,2009
db482c94-bfeb-43dc-bfdb-ff1e5366f57d,ssl_engine_default_ec.c,extra/iwnet/src/bearssl/ssl/ssl_engine_default_ec.c,ejdb,36
10e66727-f781-4def-bde2-64e1b13be290,ssl_client_default_rsapub.c,extra/iwnet/src/bearssl/ssl/ssl_client_default_rsapub.c,ejdb,32
14fe7c10-83ef-4c21-aed2-e75c5f8f0199,ssl_engine_default_chapol.c,extra/iwnet/src/bearssl/ssl/ssl_engine_default_chapol.c,ejdb,65
82eb2a80-15ce-43bf-a5a8-181d4a309b58,ssl_scert_single_rsa.c,extra/iwnet/src/bearssl/ssl/ssl_scert_single_rsa.c,ejdb,162
657b0914-ac39-4dae-ad5c-7d64451c1950,ssl_ccert_single_rsa.c,extra/iwnet/src/bearssl/ssl/ssl_ccert_single_rsa.c,ejdb,149
1825e99f-96ae-443c-a7b7-19e16f87479e,ssl_server_full_ec.c,extra/iwnet/src/bearssl/ssl/ssl_server_full_ec.c,ejdb,149
133e8ed8-3435-4c8b-a508-b7020f40ef00,prf_md5sha1.c,extra/iwnet/src/bearssl/ssl/prf_md5sha1.c,ejdb,43
d15d7acc-325e-4a53-ae5a-d8fb07b4d1d3,ssl_client_full.c,extra/iwnet/src/bearssl/ssl/ssl_client_full.c,ejdb,179
5aeeba6c-6b31-44ef-aac3-05423792ce9c,ssl_server_full_rsa.c,extra/iwnet/src/bearssl/ssl/ssl_server_full_rsa.c,ejdb,132
e0880742-b438-495e-a91a-6d795fd7ed41,ssl_ccert_single_ec.c,extra/iwnet/src/bearssl/ssl/ssl_ccert_single_ec.c,ejdb,156
0d8b77eb-97c3-4aad-853a-70b86ef72e06,names.c,extra/iwnet/src/bearssl/tools/names.c,ejdb,1056
b1c67583-41a9-4050-b1d5-4e8e58601599,ta.c,extra/iwnet/src/bearssl/tools/ta.c,ejdb,254
c7641384-004e-475c-96be-7de4522380c1,impl.c,extra/iwnet/src/bearssl/tools/impl.c,ejdb,48
1bca2a16-0d60-408a-8a1b-1313e63d9d0b,files.c,extra/iwnet/src/bearssl/tools/files.c,ejdb,335
b3634a9b-d7f5-4ed5-8446-d7d8bc1fc377,vector.c,extra/iwnet/src/bearssl/tools/vector.c,ejdb,66
b90f2f6b-786d-4459-bdfb-02d539f7928d,skey.c,extra/iwnet/src/bearssl/tools/skey.c,ejdb,784
49de68f9-2d2b-49f8-a894-9fe31c6a8a59,certs.c,extra/iwnet/src/bearssl/tools/certs.c,ejdb,264
baa1412b-0dd5-4abe-bf19-9a005fca6959,verify.c,extra/iwnet/src/bearssl/tools/verify.c,ejdb,353
359115eb-2306-409e-a473-5a639bbcdca6,keys.c,extra/iwnet/src/bearssl/tools/keys.c,ejdb,239
2d61c430-51c1-4827-9424-6bad6243884e,chain.c,extra/iwnet/src/bearssl/tools/chain.c,ejdb,154
8219633a-20a8-420d-9c9f-a0cfb013c9e6,xmem.c,extra/iwnet/src/bearssl/tools/xmem.c,ejdb,120
2582f347-84da-404f-b377-6ffaff567e70,twrch.c,extra/iwnet/src/bearssl/tools/twrch.c,ejdb,1069
83ab7d3d-af0b-4fdd-82cf-b9197adbfec8,errors.c,extra/iwnet/src/bearssl/tools/errors.c,ejdb,344
68e28f47-ca33-45ff-8345-98dd4010d3c5,sslio.c,extra/iwnet/src/bearssl/tools/sslio.c,ejdb,760
70541be8-d02b-4819-b512-f90a4a0389a0,gcm.c,extra/iwnet/src/bearssl/aead/gcm.c,ejdb,318
f92c2b0e-6cdf-4ca6-913e-ec831c348162,ccm.c,extra/iwnet/src/bearssl/aead/ccm.c,ejdb,346
7baee26b-7d86-46a8-ac6b-a5eb7a1aa625,eax.c,extra/iwnet/src/bearssl/aead/eax.c,ejdb,525
b131a7e8-bb3a-4388-85d0-898dd99986ee,sha2small.c,extra/iwnet/src/bearssl/hash/sha2small.c,ejdb,341
6b108fc0-3178-4b07-9241-1daeb6d373f8,ghash_ctmul32.c,extra/iwnet/src/bearssl/hash/ghash_ctmul32.c,ejdb,251
c2e52e7d-5d75-484f-9029-3408fde8b076,mgf1.c,extra/iwnet/src/bearssl/hash/mgf1.c,ejdb,56
b0525c81-4c29-4a62-a7b0-00e0b9ab10b9,sha1.c,extra/iwnet/src/bearssl/hash/sha1.c,ejdb,191
57de3af5-8ec5-4870-8f07-b91ecfd26f4b,md5sha1.c,extra/iwnet/src/bearssl/hash/md5sha1.c,ejdb,141
cc8be8ea-2f6f-4ad2-a0e5-bac57815c57b,dig_size.c,extra/iwnet/src/bearssl/hash/dig_size.c,ejdb,50
c053b8a3-33bc-4a26-aee1-33621c86099a,multihash.c,extra/iwnet/src/bearssl/hash/multihash.c,ejdb,166
bf6b95cf-dd62-40b0-96e1-ed46975c6193,ghash_pclmul.c,extra/iwnet/src/bearssl/hash/ghash_pclmul.c,ejdb,389
546e8e54-cc98-4ad4-8ee3-5b63de545350,ghash_ctmul.c,extra/iwnet/src/bearssl/hash/ghash_ctmul.c,ejdb,345
b1aa0527-893e-444e-93c0-c4cf007e390b,ghash_ctmul64.c,extra/iwnet/src/bearssl/hash/ghash_ctmul64.c,ejdb,154
20d55153-1544-48bf-b49e-f4fdd8634dcd,sha2big.c,extra/iwnet/src/bearssl/hash/sha2big.c,ejdb,285
13fe77f4-17c8-4167-b253-f90f5e087fc1,ghash_pwr8.c,extra/iwnet/src/bearssl/hash/ghash_pwr8.c,ejdb,411
8f81bb32-95ac-47bb-a539-a170197210b7,md5.c,extra/iwnet/src/bearssl/hash/md5.c,ejdb,208
2f285218-4aa0-4030-96d2-a72ece504667,dig_oid.c,extra/iwnet/src/bearssl/hash/dig_oid.c,ejdb,84
7c6a87f1-60af-4fdf-85a2-9ad919b7bf29,enc32le.c,extra/iwnet/src/bearssl/codec/enc32le.c,ejdb,38
ff753e9c-5c05-455a-a110-2740415936c5,dec16le.c,extra/iwnet/src/bearssl/codec/dec16le.c,ejdb,38
794c1cc3-27dd-43c1-8973-164853a06eb5,dec64be.c,extra/iwnet/src/bearssl/codec/dec64be.c,ejdb,38
f631f50d-e929-44d2-a959-967582ea76e3,dec16be.c,extra/iwnet/src/bearssl/codec/dec16be.c,ejdb,38
a4a8d65a-d762-48ea-abf5-6dd103cb5a98,enc32be.c,extra/iwnet/src/bearssl/codec/enc32be.c,ejdb,38
2eee1bad-af27-4686-8a03-b0c915320901,dec64le.c,extra/iwnet/src/bearssl/codec/dec64le.c,ejdb,38
e2946e53-edad-4cc1-82a9-a237027da97f,enc64le.c,extra/iwnet/src/bearssl/codec/enc64le.c,ejdb,38
a73c5844-c42e-4e0e-a286-7c2f70b537a8,dec32be.c,extra/iwnet/src/bearssl/codec/dec32be.c,ejdb,38
9748863b-a09f-47c2-a8ed-e9fff76f9e81,enc16be.c,extra/iwnet/src/bearssl/codec/enc16be.c,ejdb,38
c747e30e-35bf-4e16-9d30-c7cf05977ac8,pemenc.c,extra/iwnet/src/bearssl/codec/pemenc.c,ejdb,173
1fc82259-596e-438a-a79e-089fd1f0f84e,ccopy.c,extra/iwnet/src/bearssl/codec/ccopy.c,ejdb,44
a905508c-fc54-4a54-b359-172bf4a0807f,pemdec.c,extra/iwnet/src/bearssl/codec/pemdec.c,ejdb,526
de565559-85c8-4c51-8437-bd2e1164febb,enc64be.c,extra/iwnet/src/bearssl/codec/enc64be.c,ejdb,38
da8e26a3-8af7-4df8-a738-bd24b94130c3,enc16le.c,extra/iwnet/src/bearssl/codec/enc16le.c,ejdb,38
158455df-f122-4502-94fe-6641b5855408,dec32le.c,extra/iwnet/src/bearssl/codec/dec32le.c,ejdb,38
6d213d51-77c2-468f-826a-6751180eadc5,rsa_i31_keygen_inner.c,extra/iwnet/src/bearssl/rsa/rsa_i31_keygen_inner.c,ejdb,608
aa5a9910-97c8-4aa9-a72c-0d7d13ae7d8d,rsa_default_pss_vrfy.c,extra/iwnet/src/bearssl/rsa/rsa_default_pss_vrfy.c,ejdb,38
a0318873-a4db-4a3a-9fe5-8bb2a4623b63,rsa_i15_pubexp.c,extra/iwnet/src/bearssl/rsa/rsa_i15_pubexp.c,ejdb,152
3cfaec3d-7dbd-401d-8bb2-cff3a5cae76b,rsa_i62_pkcs1_vrfy.c,extra/iwnet/src/bearssl/rsa/rsa_i62_pkcs1_vrfy.c,ejdb,63
f3b5c857-5ded-4919-a06f-a8c09ccdaea4,rsa_i31_modulus.c,extra/iwnet/src/bearssl/rsa/rsa_i31_modulus.c,ejdb,99
07e448fc-e240-4ee4-9f9a-cb108b58d77b,rsa_i32_pss_sign.c,extra/iwnet/src/bearssl/rsa/rsa_i32_pss_sign.c,ejdb,40
c85bfd93-663e-4fcc-95f5-4b401da2ea96,rsa_i15_oaep_encrypt.c,extra/iwnet/src/bearssl/rsa/rsa_i15_oaep_encrypt.c,ejdb,44
dfc3063e-f141-48dc-b411-1a624eee7f81,rsa_i15_pub.c,extra/iwnet/src/bearssl/rsa/rsa_i15_pub.c,ejdb,113
1c9e8b5d-60dc-4eb9-87d3-b3b7da0ffe5a,rsa_pss_sig_pad.c,extra/iwnet/src/bearssl/rsa/rsa_pss_sig_pad.c,ejdb,106
4a4bdca5-e897-4ec1-a454-dbabd4e30d86,rsa_default_pub.c,extra/iwnet/src/bearssl/rsa/rsa_default_pub.c,ejdb,38
8a5ab938-bad9-406e-b618-37aaffc67cca,rsa_default_modulus.c,extra/iwnet/src/bearssl/rsa/rsa_default_modulus.c,ejdb,36
cf7a20b5-7c48-44ec-b33b-617df700ae3b,rsa_i31_pub.c,extra/iwnet/src/bearssl/rsa/rsa_i31_pub.c,ejdb,106
b4ac40be-5d2f-4305-9abf-106fa173ea68,rsa_i62_oaep_encrypt.c,extra/iwnet/src/bearssl/rsa/rsa_i62_oaep_encrypt.c,ejdb,64
a216085b-32a3-444a-b4df-a74ac0ec7cd9,rsa_i31_pkcs1_vrfy.c,extra/iwnet/src/bearssl/rsa/rsa_i31_pkcs1_vrfy.c,ejdb,43
3cccbb20-c152-4347-8243-ca9264816980,rsa_i32_oaep_decrypt.c,extra/iwnet/src/bearssl/rsa/rsa_i32_oaep_decrypt.c,ejdb,41
45990858-f6b4-4722-b87b-f16a3ddb5b5d,rsa_i15_pss_vrfy.c,extra/iwnet/src/bearssl/rsa/rsa_i15_pss_vrfy.c,ejdb,44
47653a66-c205-4ea1-9d9d-164aa3367d1d,rsa_i31_keygen.c,extra/iwnet/src/bearssl/rsa/rsa_i31_keygen.c,ejdb,37
3c28221e-dc60-46f8-8348-1eb1e900ce24,rsa_default_oaep_decrypt.c,extra/iwnet/src/bearssl/rsa/rsa_default_oaep_decrypt.c,ejdb,38
ff14abec-e7ed-420e-9e9d-de22c8e03bca,rsa_i15_pkcs1_vrfy.c,extra/iwnet/src/bearssl/rsa/rsa_i15_pkcs1_vrfy.c,ejdb,43
4fa7b60a-0fdd-41bb-aba2-a7e70664d743,rsa_default_priv.c,extra/iwnet/src/bearssl/rsa/rsa_default_priv.c,ejdb,38
93d4c30c-16cf-4351-b116-89a5617bc9d8,rsa_i32_priv.c,extra/iwnet/src/bearssl/rsa/rsa_i32_priv.c,ejdb,160
f1918ad7-080b-4293-b018-f331361ecd71,rsa_i62_pss_sign.c,extra/iwnet/src/bearssl/rsa/rsa_i62_pss_sign.c,ejdb,60
507624e3-6741-4443-b4db-36cf24339be6,rsa_default_pubexp.c,extra/iwnet/src/bearssl/rsa/rsa_default_pubexp.c,ejdb,36
02c72553-7c04-4364-8200-4622f97afb4b,rsa_oaep_unpad.c,extra/iwnet/src/bearssl/rsa/rsa_oaep_unpad.c,ejdb,145
eca34c53-f7f8-4078-b3f0-0ecc4a868531,rsa_ssl_decrypt.c,extra/iwnet/src/bearssl/rsa/rsa_ssl_decrypt.c,ejdb,52
4a6d93cd-35ab-4bd9-95a1-595ec3dc2668,rsa_default_keygen.c,extra/iwnet/src/bearssl/rsa/rsa_default_keygen.c,ejdb,38
683ed929-95e2-4396-bdc5-a138e1681457,rsa_default_pkcs1_sign.c,extra/iwnet/src/bearssl/rsa/rsa_default_pkcs1_sign.c,ejdb,38
bde31fd7-aa8e-495e-869f-ffc6e6b62773,rsa_pss_sig_unpad.c,extra/iwnet/src/bearssl/rsa/rsa_pss_sig_unpad.c,ejdb,121
8b58c050-e20b-4146-a65d-6f3e413d5287,rsa_i32_pub.c,extra/iwnet/src/bearssl/rsa/rsa_i32_pub.c,ejdb,77
540a0cf5-b5c1-42f3-b7e9-0e5f026e1102,rsa_i31_pubexp.c,extra/iwnet/src/bearssl/rsa/rsa_i31_pubexp.c,ejdb,152
13644c04-747a-4c13-b0e2-f7972187a71a,rsa_i15_privexp.c,extra/iwnet/src/bearssl/rsa/rsa_i15_privexp.c,ejdb,320
f23c49da-438e-437d-a8e0-f93c2b95045e,rsa_i31_oaep_decrypt.c,extra/iwnet/src/bearssl/rsa/rsa_i31_oaep_decrypt.c,ejdb,41
c340a71a-56fb-4a00-9c03-93d63f65bc89,rsa_i31_pss_vrfy.c,extra/iwnet/src/bearssl/rsa/rsa_i31_pss_vrfy.c,ejdb,44
2724790d-dd50-4ef0-bcf7-9ffed1bf63a2,rsa_i15_keygen.c,extra/iwnet/src/bearssl/rsa/rsa_i15_keygen.c,ejdb,583
647824bf-7874-421e-873a-00c249943a35,rsa_i62_keygen.c,extra/iwnet/src/bearssl/rsa/rsa_i62_keygen.c,ejdb,57
2aead929-13cd-4457-a760-cff320a9d3f6,rsa_i32_pkcs1_sign.c,extra/iwnet/src/bearssl/rsa/rsa_i32_pkcs1_sign.c,ejdb,37
68f5a138-8cff-40f1-a0a6-d94af55d2fcf,rsa_pkcs1_sig_pad.c,extra/iwnet/src/bearssl/rsa/rsa_pkcs1_sig_pad.c,ejdb,100
aa3566e4-94bb-4f59-aaa8-a7214b6864b8,rsa_i31_priv.c,extra/iwnet/src/bearssl/rsa/rsa_i31_priv.c,ejdb,203
e37894e5-17f0-4697-9026-77007163bccb,rsa_default_pss_sign.c,extra/iwnet/src/bearssl/rsa/rsa_default_pss_sign.c,ejdb,38
0fc6d87b-8b66-49d5-b78b-7820f2791fef,rsa_i32_pss_vrfy.c,extra/iwnet/src/bearssl/rsa/rsa_i32_pss_vrfy.c,ejdb,44
202285c6-ef63-4f33-9399-52a0d0ed4146,rsa_i62_pkcs1_sign.c,extra/iwnet/src/bearssl/rsa/rsa_i62_pkcs1_sign.c,ejdb,57
9585c2c5-cd89-4d86-a7af-2024e6bc363d,rsa_i31_oaep_encrypt.c,extra/iwnet/src/bearssl/rsa/rsa_i31_oaep_encrypt.c,ejdb,44
01022be0-1c8e-4a00-aca0-454d8afe4cb7,rsa_i15_priv.c,extra/iwnet/src/bearssl/rsa/rsa_i15_priv.c,ejdb,209
fe2e001d-e345-4b7f-8f0b-26e04f10b544,rsa_i15_pkcs1_sign.c,extra/iwnet/src/bearssl/rsa/rsa_i15_pkcs1_sign.c,ejdb,37
2c1632d5-cde6-4431-81a5-461339ac8594,rsa_i62_pub.c,extra/iwnet/src/bearssl/rsa/rsa_i62_pub.c,ejdb,125
708eeb20-e437-4588-a730-addbc34aa29f,rsa_default_privexp.c,extra/iwnet/src/bearssl/rsa/rsa_default_privexp.c,ejdb,36
357d2929-50dd-498c-8f9f-02733711fe02,rsa_pkcs1_sig_unpad.c,extra/iwnet/src/bearssl/rsa/rsa_pkcs1_sig_unpad.c,ejdb,121
e6d3cfd8-b4b1-4bd1-932e-1ba08d6f72eb,rsa_i62_pss_vrfy.c,extra/iwnet/src/bearssl/rsa/rsa_i62_pss_vrfy.c,ejdb,64
74e81078-09fc-4d88-a0d6-7df618bf24ef,rsa_i15_pss_sign.c,extra/iwnet/src/bearssl/rsa/rsa_i15_pss_sign.c,ejdb,40
42bea2e0-39e2-480a-9e7e-23e78617fc40,rsa_i31_pkcs1_sign.c,extra/iwnet/src/bearssl/rsa/rsa_i31_pkcs1_sign.c,ejdb,37
fcf8fd8e-afa3-4495-b969-e5440c820a52,rsa_i31_privexp.c,extra/iwnet/src/bearssl/rsa/rsa_i31_privexp.c,ejdb,318
4da5a0e9-9a55-4fbf-9946-f13f7d7935e3,rsa_i62_priv.c,extra/iwnet/src/bearssl/rsa/rsa_i62_priv.c,ejdb,223
0c25b855-efcf-4f62-b355-455f5bdb391a,rsa_default_oaep_encrypt.c,extra/iwnet/src/bearssl/rsa/rsa_default_oaep_encrypt.c,ejdb,38
a20b45f8-7551-4d06-9a7e-74d3f1557b8a,rsa_i62_oaep_decrypt.c,extra/iwnet/src/bearssl/rsa/rsa_i62_oaep_decrypt.c,ejdb,61
42cef603-3439-4453-9d4e-f09cec29cdff,rsa_i32_oaep_encrypt.c,extra/iwnet/src/bearssl/rsa/rsa_i32_oaep_encrypt.c,ejdb,44
e5b129a1-1282-4440-aaf0-4543a889de1d,rsa_default_pkcs1_vrfy.c,extra/iwnet/src/bearssl/rsa/rsa_default_pkcs1_vrfy.c,ejdb,38
c3beae04-4d48-4ad9-8e77-f9e5a5c93ae4,rsa_oaep_pad.c,extra/iwnet/src/bearssl/rsa/rsa_oaep_pad.c,ejdb,112
f890606a-837b-44cb-aa70-51aa4d5dc323,rsa_i15_modulus.c,extra/iwnet/src/bearssl/rsa/rsa_i15_modulus.c,ejdb,99
4358217d-6425-4653-b2f5-6cdb4f676c4e,rsa_i31_pss_sign.c,extra/iwnet/src/bearssl/rsa/rsa_i31_pss_sign.c,ejdb,40
76c31df0-df04-4938-9dd4-1662a84e4b3c,rsa_i32_pkcs1_vrfy.c,extra/iwnet/src/bearssl/rsa/rsa_i32_pkcs1_vrfy.c,ejdb,43
372c0446-24c5-44f3-865a-ee32f5033b1b,rsa_i15_oaep_decrypt.c,extra/iwnet/src/bearssl/rsa/rsa_i15_oaep_decrypt.c,ejdb,41
83dba581-050b-4243-940c-e38710389d60,ec_p256_m62.c,extra/iwnet/src/bearssl/ec/ec_p256_m62.c,ejdb,1765
2be5914c-2b9e-4e6e-b304-e6aaedfb879f,ec_keygen.c,extra/iwnet/src/bearssl/ec/ec_keygen.c,ejdb,86
63cdf0fe-f6d7-431e-82e9-df0537a3bc60,ec_prime_i31.c,extra/iwnet/src/bearssl/ec/ec_prime_i31.c,ejdb,826
0e8bddc1-757a-4ebd-8c97-872f213fc1bb,ec_default.c,extra/iwnet/src/bearssl/ec/ec_default.c,ejdb,36
8eea4da8-1179-4b5a-a1b9-64122e10de43,ecdsa_i31_vrfy_asn1.c,extra/iwnet/src/bearssl/ec/ecdsa_i31_vrfy_asn1.c,ejdb,48
0e1bb080-ac40-4b1f-bd48-c6ca40b54a29,ec_c25519_m62.c,extra/iwnet/src/bearssl/ec/ec_c25519_m62.c,ejdb,605
0a004bff-2189-4758-bea3-187b9666ab69,ecdsa_atr.c,extra/iwnet/src/bearssl/ec/ecdsa_atr.c,ejdb,134
56f275c8-b791-4279-a108-5bc0acf06eda,ecdsa_i15_vrfy_asn1.c,extra/iwnet/src/bearssl/ec/ecdsa_i15_vrfy_asn1.c,ejdb,48
9f7223e5-554a-4779-8052-ded7315785a2,ec_c25519_m31.c,extra/iwnet/src/bearssl/ec/ec_c25519_m31.c,ejdb,800
1cb2c045-3c02-49fb-894c-e106097af202,ec_c25519_i31.c,extra/iwnet/src/bearssl/ec/ec_c25519_i31.c,ejdb,390
a2de0ca3-602c-4147-a35c-4338e2ff203c,ec_curve25519.c,extra/iwnet/src/bearssl/ec/ec_curve25519.c,ejdb,46
5d73928d-f409-4b45-ab2a-05d378d7e041,ec_all_m31.c,extra/iwnet/src/bearssl/ec/ec_all_m31.c,ejdb,171
3e649fd1-825e-4251-bb0e-cbab04500441,ec_p256_m31.c,extra/iwnet/src/bearssl/ec/ec_p256_m31.c,ejdb,1469
15f3676f-eb5e-4675-9b79-b7554c6f49c2,ecdsa_default_sign_asn1.c,extra/iwnet/src/bearssl/ec/ecdsa_default_sign_asn1.c,ejdb,36
dde139e4-2a01-466c-bf3f-ee720112f4d8,ecdsa_rta.c,extra/iwnet/src/bearssl/ec/ecdsa_rta.c,ejdb,121
e66547a5-3200-43b4-9597-33770253cfef,ec_p256_m64.c,extra/iwnet/src/bearssl/ec/ec_p256_m64.c,ejdb,1730
f4ca981f-cf61-4c8d-a107-5a1210c07a26,ecdsa_i15_vrfy_raw.c,extra/iwnet/src/bearssl/ec/ecdsa_i15_vrfy_raw.c,ejdb,166
9c2c9659-8612-4e39-b60e-ec41ddd82963,ec_c25519_m15.c,extra/iwnet/src/bearssl/ec/ec_c25519_m15.c,ejdb,1478
0ab01efb-f261-41bc-b985-65a3ba26191e,ec_all_m15.c,extra/iwnet/src/bearssl/ec/ec_all_m15.c,ejdb,121
c692ef55-0a0f-4786-8589-7425845aa873,ec_c25519_m64.c,extra/iwnet/src/bearssl/ec/ec_c25519_m64.c,ejdb,831
4d314f98-166a-43fa-b2b4-ad4c2c83fa58,ecdsa_i31_sign_asn1.c,extra/iwnet/src/bearssl/ec/ecdsa_i31_sign_asn1.c,ejdb,45
a2da9cd7-ff4f-463c-a0d3-9dee6b2118f3,ecdsa_i15_sign_raw.c,extra/iwnet/src/bearssl/ec/ecdsa_i15_sign_raw.c,ejdb,174
be0394c4-342c-4fb2-a1f6-4021e5eb247f,ec_c25519_i15.c,extra/iwnet/src/bearssl/ec/ec_c25519_i15.c,ejdb,398
f7616c3e-8921-40a4-8746-3f36d68daa46,ec_secp384r1.c,extra/iwnet/src/bearssl/ec/ec_secp384r1.c,ejdb,57
494c99a5-94f9-4e51-85b6-b408380bf122,ec_p256_m15.c,extra/iwnet/src/bearssl/ec/ec_p256_m15.c,ejdb,2124
646ad132-1e91-4ce3-81cc-15ba4d6e2f69,ecdsa_i15_sign_asn1.c,extra/iwnet/src/bearssl/ec/ecdsa_i15_sign_asn1.c,ejdb,45
b382f231-a318-446e-9471-7880f40fa9f9,ecdsa_i31_vrfy_raw.c,extra/iwnet/src/bearssl/ec/ecdsa_i31_vrfy_raw.c,ejdb,165
4f8b062d-1fff-425e-abd6-302b73e80ded,ecdsa_default_sign_raw.c,extra/iwnet/src/bearssl/ec/ecdsa_default_sign_raw.c,ejdb,36
88e68d25-9155-4af3-8a31-3e727732f3d8,ec_secp256r1.c,extra/iwnet/src/bearssl/ec/ec_secp256r1.c,ejdb,51
75e6c47a-5f12-441a-88dc-e276b1481a7c,ecdsa_i31_bits.c,extra/iwnet/src/bearssl/ec/ecdsa_i31_bits.c,ejdb,47
10fec1c8-6c7d-492d-9512-5904a8c089bf,ec_prime_i15.c,extra/iwnet/src/bearssl/ec/ec_prime_i15.c,ejdb,824
7820bbdf-e57e-4983-b36c-d99d5650cd5a,ecdsa_i15_bits.c,extra/iwnet/src/bearssl/ec/ecdsa_i15_bits.c,ejdb,47
ede1a1ac-b465-4c98-8532-2b9bd4dd8520,ecdsa_default_vrfy_asn1.c,extra/iwnet/src/bearssl/ec/ecdsa_default_vrfy_asn1.c,ejdb,36
9d9d0eca-8a94-4284-b870-fc6b62b6110a,ec_secp521r1.c,extra/iwnet/src/bearssl/ec/ec_secp521r1.c,ejdb,64
3b48c549-cdea-400b-bf61-966047a0a5c5,ecdsa_default_vrfy_raw.c,extra/iwnet/src/bearssl/ec/ecdsa_default_vrfy_raw.c,ejdb,36
432bf84c-0caf-4d83-ab20-f04f3c33d7fb,ec_pubkey.c,extra/iwnet/src/bearssl/ec/ec_pubkey.c,ejdb,85
7945f97e-2d0c-4192-8b71-e6ed20eb2169,ecdsa_i31_sign_raw.c,extra/iwnet/src/bearssl/ec/ecdsa_i31_sign_raw.c,ejdb,173
5e37b55f-3ffc-425e-bc2e-e1555bb0c6a3,asn1enc.c,extra/iwnet/src/bearssl/x509/asn1enc.c,ejdb,93
696f55fe-d2b6-4279-a225-0faf1ca40950,encode_ec_rawder.c,extra/iwnet/src/bearssl/x509/encode_ec_rawder.c,ejdb,161
4eb32cf6-4480-439a-b31f-58b5faee4fc8,x509_minimal_full.c,extra/iwnet/src/bearssl/x509/x509_minimal_full.c,ejdb,59
d7cbd1f2-5d89-45f9-a343-9581600fb95a,encode_rsa_rawder.c,extra/iwnet/src/bearssl/x509/encode_rsa_rawder.c,ejdb,96
fdea69b2-33c7-4f8b-8cbc-f67ed4902572,x509_minimal.c,extra/iwnet/src/bearssl/x509/x509_minimal.c,ejdb,1722
f28c38d7-1ad3-4641-8b50-e72e026bdcdf,x509_knownkey.c,extra/iwnet/src/bearssl/x509/x509_knownkey.c,ejdb,105
01364f40-3367-40cb-ba8b-5c059f8001d2,skey_decoder.c,extra/iwnet/src/bearssl/x509/skey_decoder.c,ejdb,650
f122d0f0-19c9-49c6-b5b1-983591ee7e74,encode_rsa_pk8der.c,extra/iwnet/src/bearssl/x509/encode_rsa_pk8der.c,ejdb,97
de359ddd-7c63-43db-a1b8-b2d6db180946,encode_ec_pk8der.c,extra/iwnet/src/bearssl/x509/encode_ec_pk8der.c,ejdb,110
af34451c-6ed0-4557-8c5b-caa43d45a83b,x509_decoder.c,extra/iwnet/src/bearssl/x509/x509_decoder.c,ejdb,773
beadaf0a-8a40-4d6e-bcf7-a7d7acc50278,bre_pkcs10.c,extra/iwnet/src/bearssl/bre/bre_pkcs10.c,ejdb,255
5ac501ab-cda6-4cec-8982-ae412de9d76d,bre_pool.c,extra/iwnet/src/bearssl/bre/bre_pool.c,ejdb,126
b8351ebc-1041-4498-81c8-5e0da590c287,bre_utils.c,extra/iwnet/src/bearssl/bre/bre_utils.c,ejdb,30
0cd4ad80-2d76-4ed2-8694-c3e21423d28a,bre_asn1.c,extra/iwnet/src/bearssl/bre/bre_asn1.c,ejdb,359
749379cb-2c7f-44d1-869d-6add0b40405a,bre_base64.c,extra/iwnet/src/bearssl/bre/bre_base64.c,ejdb,163
077a1cc8-bbb8-4859-bada-24e704801ed6,bre_pkcs10_test.c,extra/iwnet/src/bearssl/bre/test/bre_pkcs10_test.c,ejdb,51
bbdf69aa-2c20-4ddf-b9d8-3307f25bb521,hmac.c,extra/iwnet/src/bearssl/mac/hmac.c,ejdb,122
6dd93c94-eaed-45bb-a607-7ab86902b352,hmac_ct.c,extra/iwnet/src/bearssl/mac/hmac_ct.c,ejdb,193
fcd4203c-2098-4ef9-85ba-2f58b7e3c808,i32_bitlen.c,extra/iwnet/src/bearssl/int/i32_bitlen.c,ejdb,44
faefedb3-b35b-4872-8ea4-e9c15a8c31b0,i31_fmont.c,extra/iwnet/src/bearssl/int/i31_fmont.c,ejdb,60
1b39127a-04dd-417e-a7f7-c42d201762cb,i31_decred.c,extra/iwnet/src/bearssl/int/i31_decred.c,ejdb,103
d5e8e671-e681-4f81-bf27-3d4ce2a1029a,i15_rshift.c,extra/iwnet/src/bearssl/int/i15_rshift.c,ejdb,47
3d5a7a89-7eeb-4b70-882c-34716e6cb2ea,i62_modpow2.c,extra/iwnet/src/bearssl/int/i62_modpow2.c,ejdb,493
9dbc63c7-f22a-4aed-be6b-6a3a01ee42a5,i32_decmod.c,extra/iwnet/src/bearssl/int/i32_decmod.c,ejdb,77
e0abefda-b5f5-4793-873b-2f4c93f69ee3,i31_encode.c,extra/iwnet/src/bearssl/int/i31_encode.c,ejdb,79
8327659e-5cf9-4a3f-9e46-814440dbcdb9,i32_iszero.c,extra/iwnet/src/bearssl/int/i32_iszero.c,ejdb,39
9d47f3a0-a267-4655-9d73-32fdf057cd61,i31_mulacc.c,extra/iwnet/src/bearssl/int/i31_mulacc.c,ejdb,74
12743fa9-274c-4632-b1bc-01b5c035dd40,i15_modpow2.c,extra/iwnet/src/bearssl/int/i15_modpow2.c,ejdb,160
68adc387-7d30-4c9b-b636-b34087325092,i32_muladd.c,extra/iwnet/src/bearssl/int/i32_muladd.c,ejdb,138
6d4a2313-9094-4de3-8dbc-5508d118adb2,i15_reduce.c,extra/iwnet/src/bearssl/int/i15_reduce.c,ejdb,66
fbe123ae-4d31-4652-af49-733b82cce243,i31_decode.c,extra/iwnet/src/bearssl/int/i31_decode.c,ejdb,57
31951a71-4c14-4c79-9aa2-9c051a54426e,i15_decred.c,extra/iwnet/src/bearssl/int/i15_decred.c,ejdb,100
01c625a3-a2aa-4fee-925f-fd13b04c7c44,i31_rshift.c,extra/iwnet/src/bearssl/int/i31_rshift.c,ejdb,47
95a3ff43-3162-42aa-a6f8-8565a59c2ff2,i32_modpow.c,extra/iwnet/src/bearssl/int/i32_modpow.c,ejdb,65
805340a6-b830-4f24-ab30-c140c7feaf79,i32_fmont.c,extra/iwnet/src/bearssl/int/i32_fmont.c,ejdb,60
446ec9b5-a718-4b56-bbca-50b74ee0ca72,i31_reduce.c,extra/iwnet/src/bearssl/int/i31_reduce.c,ejdb,66
c1edcbc8-fb08-4866-b811-e69ff052cd18,i15_decode.c,extra/iwnet/src/bearssl/int/i15_decode.c,ejdb,56
6947c340-72a5-4bc6-843a-49c5dc93efe7,i15_fmont.c,extra/iwnet/src/bearssl/int/i15_fmont.c,ejdb,59
ea128747-0b73-4af6-bb2b-03b45a90ea34,i31_ninv31.c,extra/iwnet/src/bearssl/int/i31_ninv31.c,ejdb,39
22aade10-9691-4518-8b6f-d03902ccd5a3,i31_montmul.c,extra/iwnet/src/bearssl/int/i31_montmul.c,ejdb,127
e207892a-181e-48d1-a2c0-f6c4a747c9a9,i15_encode.c,extra/iwnet/src/bearssl/int/i15_encode.c,ejdb,56
7ebbd0c7-ea8f-4670-895b-f378cd211a4d,i32_div32.c,extra/iwnet/src/bearssl/int/i32_div32.c,ejdb,56
648bbc45-bf20-459a-8de0-29aa31002c8d,i15_mulacc.c,extra/iwnet/src/bearssl/int/i15_mulacc.c,ejdb,61
8e669d46-df22-4fe9-be43-bf92dffdaffc,i31_muladd.c,extra/iwnet/src/bearssl/int/i31_muladd.c,ejdb,157
e8718edd-9e53-4fbc-8382-56dccca31d4a,i32_ninv32.c,extra/iwnet/src/bearssl/int/i32_ninv32.c,ejdb,39
eff5ca9a-86fb-469f-957d-a258695ce1b3,i32_decode.c,extra/iwnet/src/bearssl/int/i32_decode.c,ejdb,63
9fb56db6-50e2-45d4-922e-5ce07ffd6dd3,i31_decmod.c,extra/iwnet/src/bearssl/int/i31_decmod.c,ejdb,124
52f23d06-ae15-4cac-88d3-7f4bb2a3ecea,i31_tmont.c,extra/iwnet/src/bearssl/int/i31_tmont.c,ejdb,36
bc78259f-0a20-4420-b6f6-f3990d1534d2,i31_iszero.c,extra/iwnet/src/bearssl/int/i31_iszero.c,ejdb,39
32f35b70-b505-4fb6-934a-d91e5e1671a1,i32_encode.c,extra/iwnet/src/bearssl/int/i32_encode.c,ejdb,72
20c2a4bd-f1e9-46e6-b337-63b56b590c26,i15_montmul.c,extra/iwnet/src/bearssl/int/i15_montmul.c,ejdb,184
30a9513b-900b-4357-97a0-b14f1286b805,i32_mulacc.c,extra/iwnet/src/bearssl/int/i32_mulacc.c,ejdb,56
2164b591-894c-4cce-b0be-31ba20ce64c9,i15_moddiv.c,extra/iwnet/src/bearssl/int/i15_moddiv.c,ejdb,465
b730e7b6-163b-4ffe-8526-8ac3fc2bfdf7,i32_decred.c,extra/iwnet/src/bearssl/int/i32_decred.c,ejdb,107
243c4250-e7e4-4105-94fb-31149b833ca8,i31_sub.c,extra/iwnet/src/bearssl/int/i31_sub.c,ejdb,46
3204f670-10ba-4737-ac0f-9e56d9f62b51,i15_modpow.c,extra/iwnet/src/bearssl/int/i15_modpow.c,ejdb,50
2b134680-03ad-4f98-9e31-6a49891af7ee,i15_add.c,extra/iwnet/src/bearssl/int/i15_add.c,ejdb,46
d75e5041-dd9e-46d4-8a04-93bde468a69d,i31_add.c,extra/iwnet/src/bearssl/int/i31_add.c,ejdb,46
f1df416e-0380-4b9c-889e-0550714ca096,i31_bitlen.c,extra/iwnet/src/bearssl/int/i31_bitlen.c,ejdb,44
69c248c0-bc9c-4e57-92f5-22c24b9ea064,i32_montmul.c,extra/iwnet/src/bearssl/int/i32_montmul.c,ejdb,69
37c63ee2-a14d-479e-a912-07570d7ebbc8,i15_sub.c,extra/iwnet/src/bearssl/int/i15_sub.c,ejdb,46
e2b10b0a-3a6c-4c65-8270-451b6e176f97,i15_iszero.c,extra/iwnet/src/bearssl/int/i15_iszero.c,ejdb,39
4114f614-d3ea-429e-90ea-43f624f8f054,i15_decmod.c,extra/iwnet/src/bearssl/int/i15_decmod.c,ejdb,124
1d25d70c-675b-448d-bdf1-d333d5d9d001,i32_tmont.c,extra/iwnet/src/bearssl/int/i32_tmont.c,ejdb,36
93069d19-b928-4fcc-b047-bae9ed0539f1,i32_reduce.c,extra/iwnet/src/bearssl/int/i32_reduce.c,ejdb,66
4a28477f-bed7-4b8f-8bfa-227d934814cc,i15_muladd.c,extra/iwnet/src/bearssl/int/i15_muladd.c,ejdb,173
e1f5f336-6c88-4f91-bb72-5a5b4436a497,i31_modpow2.c,extra/iwnet/src/bearssl/int/i31_modpow2.c,ejdb,160
b25d3114-0922-4a5e-a38f-743200e101c6,i15_tmont.c,extra/iwnet/src/bearssl/int/i15_tmont.c,ejdb,36
ab9e19f7-7936-4864-8c0a-4a6bf8300659,i15_bitlen.c,extra/iwnet/src/bearssl/int/i15_bitlen.c,ejdb,44
91ef87b3-ee52-4539-8f97-3be22d5efaa8,i15_ninv15.c,extra/iwnet/src/bearssl/int/i15_ninv15.c,ejdb,38
5eb85ca7-b4ac-48f0-91c4-1c0329672b1a,i31_modpow.c,extra/iwnet/src/bearssl/int/i31_modpow.c,ejdb,65
9d5a72eb-5cf5-4692-bf1e-60a978a84885,i32_add.c,extra/iwnet/src/bearssl/int/i32_add.c,ejdb,51
647ab3f0-9e0d-437f-8f19-b2ff9e198f99,i32_sub.c,extra/iwnet/src/bearssl/int/i32_sub.c,ejdb,51
b8c6d56d-8bde-48ac-a468-5e6b6eadbc45,i31_moddiv.c,extra/iwnet/src/bearssl/int/i31_moddiv.c,ejdb,488
fdf31b8e-bace-4a04-8f47-0f25972bd69d,des_tab_cbcdec.c,extra/iwnet/src/bearssl/symcipher/des_tab_cbcdec.c,ejdb,85
25d7e8cf-35ea-4788-8ebc-37debe415203,aes_ct64.c,extra/iwnet/src/bearssl/symcipher/aes_ct64.c,ejdb,398
94a28311-6249-40ca-b818-be3367138dd7,aes_big_cbcenc.c,extra/iwnet/src/bearssl/symcipher/aes_big_cbcenc.c,ejdb,67
3fc46945-9384-4c1d-ac8c-8562b8c1eb73,aes_pwr8_cbcdec.c,extra/iwnet/src/bearssl/symcipher/aes_pwr8_cbcdec.c,ejdb,670
a4e31775-38a5-4047-b4d5-b89533520a15,aes_ct_ctr.c,extra/iwnet/src/bearssl/symcipher/aes_ct_ctr.c,ejdb,116
33bc6816-d346-4e95-bb71-30f1cd2833a8,des_ct.c,extra/iwnet/src/bearssl/symcipher/des_ct.c,ejdb,411
4b2bc302-7510-4a6c-987a-8f9705406620,aes_x86ni_ctrcbc.c,extra/iwnet/src/bearssl/symcipher/aes_x86ni_ctrcbc.c,ejdb,596
412ce9b5-8feb-4c7d-960d-8cf289d4d379,aes_small_ctrcbc.c,extra/iwnet/src/bearssl/symcipher/aes_small_ctrcbc.c,ejdb,142
03d80be0-7a74-49a3-af6d-3776f4f6c76b,des_ct_cbcenc.c,extra/iwnet/src/bearssl/symcipher/des_ct_cbcenc.c,ejdb,69
4576553c-6f41-42d9-acc1-813ba6eeb473,poly1305_ctmul32.c,extra/iwnet/src/bearssl/symcipher/poly1305_ctmul32.c,ejdb,297
96e70930-c7f0-468f-bc0e-294bbd199092,aes_big_ctr.c,extra/iwnet/src/bearssl/symcipher/aes_big_ctr.c,ejdb,84
f6c4af47-5f19-4b88-ab00-e040aeb01fd8,aes_ct_ctrcbc.c,extra/iwnet/src/bearssl/symcipher/aes_ct_ctrcbc.c,ejdb,422
be916eef-e537-4883-85cc-314f58c2c84c,des_ct_cbcdec.c,extra/iwnet/src/bearssl/symcipher/des_ct_cbcdec.c,ejdb,87
1ce834d6-f81d-4a92-9c43-ab6a976b0778,poly1305_ctmulq.c,extra/iwnet/src/bearssl/symcipher/poly1305_ctmulq.c,ejdb,475
1b03800c-c658-41ce-8406-7e4a119c272e,aes_ct64_ctrcbc.c,extra/iwnet/src/bearssl/symcipher/aes_ct64_ctrcbc.c,ejdb,433
d4f9f0a0-9d26-40a4-bfd7-37418c3a4bbc,aes_pwr8_cbcenc.c,extra/iwnet/src/bearssl/symcipher/aes_pwr8_cbcenc.c,ejdb,417
f4235af8-65bc-49fb-abc9-5eb78c7f5e8b,chacha20_ct.c,extra/iwnet/src/bearssl/symcipher/chacha20_ct.c,ejdb,106
dae825b0-dc48-45e6-9dda-205814acf826,aes_big_cbcdec.c,extra/iwnet/src/bearssl/symcipher/aes_big_cbcdec.c,ejdb,69
83886b91-dfdc-4257-9735-c3281feab14e,aes_small_ctr.c,extra/iwnet/src/bearssl/symcipher/aes_small_ctr.c,ejdb,84
7186e6a2-9b33-4c7e-8c7a-b266438d6993,aes_x86ni.c,extra/iwnet/src/bearssl/symcipher/aes_x86ni.c,ejdb,240
794baeab-0998-45be-93c1-1df8d1f24e07,des_tab_cbcenc.c,extra/iwnet/src/bearssl/symcipher/des_tab_cbcenc.c,ejdb,67
47b64095-6289-4e17-994e-9c49ee1aa7ac,aes_ct64_ctr.c,extra/iwnet/src/bearssl/symcipher/aes_ct64_ctr.c,ejdb,114
c1d7d099-c4bb-4388-be56-e116e7537c35,des_support.c,extra/iwnet/src/bearssl/symcipher/des_support.c,ejdb,166
970fb477-03c6-432f-bcc6-a2e6da356c65,aes_big_ctrcbc.c,extra/iwnet/src/bearssl/symcipher/aes_big_ctrcbc.c,ejdb,142
ffc941d1-2caf-46ef-8a52-6d6e3a6d4b04,aes_small_dec.c,extra/iwnet/src/bearssl/symcipher/aes_small_dec.c,ejdb,176
52d5d8c0-b070-4d7a-adc2-864b2cf13529,aes_x86ni_ctr.c,extra/iwnet/src/bearssl/symcipher/aes_x86ni_ctr.c,ejdb,211
fac1fd31-10b2-4e38-a82b-d275af960adb,aes_common.c,extra/iwnet/src/bearssl/symcipher/aes_common.c,ejdb,112
58337a47-0cdd-4d8a-b5a1-111209f554ca,aes_ct64_dec.c,extra/iwnet/src/bearssl/symcipher/aes_ct64_dec.c,ejdb,159
2e85a8fe-5de7-4835-b061-e8fbe781a0b4,des_tab.c,extra/iwnet/src/bearssl/symcipher/des_tab.c,ejdb,310
4409c741-31fb-47e8-82c1-eb423667cdb0,aes_big_dec.c,extra/iwnet/src/bearssl/symcipher/aes_big_dec.c,ejdb,254
dab3454d-0c82-4fae-a15f-52ccc7b221f9,aes_pwr8.c,extra/iwnet/src/bearssl/symcipher/aes_pwr8.c,ejdb,445
3bd59313-67fb-47ea-8cce-563c3e2ae6fe,aes_small_cbcenc.c,extra/iwnet/src/bearssl/symcipher/aes_small_cbcenc.c,ejdb,67
8a044bc0-021e-4892-8427-da9708367b62,aes_ct_cbcdec.c,extra/iwnet/src/bearssl/symcipher/aes_ct_cbcdec.c,ejdb,111
8356d416-2886-4e7d-8104-f69b0150ef41,chacha20_sse2.c,extra/iwnet/src/bearssl/symcipher/chacha20_sse2.c,ejdb,237
ff67f78c-aab7-400f-8a90-7a5dbb6a5f9d,aes_ct_enc.c,extra/iwnet/src/bearssl/symcipher/aes_ct_enc.c,ejdb,112
c63a87e6-18cc-4ecb-b1a8-87b215d95962,aes_x86ni_cbcenc.c,extra/iwnet/src/bearssl/symcipher/aes_x86ni_cbcenc.c,ejdb,122
359d90d4-987f-4795-91e1-182aa76a114b,poly1305_ctmul.c,extra/iwnet/src/bearssl/symcipher/poly1305_ctmul.c,ejdb,260
38a07bee-4b3a-4ef0-8986-0cde49e0f43b,aes_ct64_cbcdec.c,extra/iwnet/src/bearssl/symcipher/aes_ct64_cbcdec.c,ejdb,104
cc63f5b6-9dd4-4401-88a4-573ab5ac6d17,aes_pwr8_ctr.c,extra/iwnet/src/bearssl/symcipher/aes_pwr8_ctr.c,ejdb,717
2f96b155-ac50-4aff-83df-bcee9526f694,poly1305_i15.c,extra/iwnet/src/bearssl/symcipher/poly1305_i15.c,ejdb,221
07203fb8-b104-4d04-b760-16c22add1f0f,aes_ct64_cbcenc.c,extra/iwnet/src/bearssl/symcipher/aes_ct64_cbcenc.c,ejdb,81
36684acd-5262-4b9d-928e-67c185aed037,aes_x86ni_cbcdec.c,extra/iwnet/src/bearssl/symcipher/aes_x86ni_cbcdec.c,ejdb,223
0bd9383d-d47a-4112-a5d1-bc8405770938,aes_ct_dec.c,extra/iwnet/src/bearssl/symcipher/aes_ct_dec.c,ejdb,170
938fd6c1-74c3-467e-b57e-2431eee0abd4,aes_ct_cbcenc.c,extra/iwnet/src/bearssl/symcipher/aes_ct_cbcenc.c,ejdb,91
9e34a12a-4b48-460a-aa2e-9d18b99f6ad0,aes_small_cbcdec.c,extra/iwnet/src/bearssl/symcipher/aes_small_cbcdec.c,ejdb,69
544dfc39-d485-443e-8670-b90c6a0b13b9,aes_ct.c,extra/iwnet/src/bearssl/symcipher/aes_ct.c,ejdb,328
54dde15c-b65e-4d17-b99f-36cc67dcf5b4,aes_big_enc.c,extra/iwnet/src/bearssl/symcipher/aes_big_enc.c,ejdb,157
eb369bd0-500d-42de-854e-c36652dda799,aes_ct64_enc.c,extra/iwnet/src/bearssl/symcipher/aes_ct64_enc.c,ejdb,115
3f33e6b5-39d8-4cf9-8f57-38d4f2ac2d06,aes_small_enc.c,extra/iwnet/src/bearssl/symcipher/aes_small_enc.c,ejdb,129
347b3963-a432-4c88-ad3f-a27ff3d508c2,aes_pwr8_ctrcbc.c,extra/iwnet/src/bearssl/symcipher/aes_pwr8_ctrcbc.c,ejdb,946
dd6b9fbe-90c2-42e0-8c50-112e369618d1,sysrng.c,extra/iwnet/src/bearssl/rand/sysrng.c,ejdb,252
94dad297-8949-4de4-83c7-b15e3202eeb5,aesctr_drbg.c,extra/iwnet/src/bearssl/rand/aesctr_drbg.c,ejdb,206
927cb605-1e46-4870-81fd-010875e79817,hmac_drbg.c,extra/iwnet/src/bearssl/rand/hmac_drbg.c,ejdb,157
ff7eb696-233c-4f65-9078-07ac34c5c02c,iwn_mimetypes.c,extra/iwnet/src/utils/iwn_mimetypes.c,ejdb,27
6f461557-5e60-4dee-b811-7ab45a42ee31,iwn_url.c,extra/iwnet/src/utils/iwn_url.c,ejdb,185
c2018122-c9a4-45c6-b379-b2b7094d2e00,iwn_pairs.c,extra/iwnet/src/utils/iwn_pairs.c,ejdb,160
d7508b31-2d02-44bb-a93a-cc3dbfeb0041,iwn_codec.c,extra/iwnet/src/utils/iwn_codec.c,ejdb,233
efcb60ec-b3b6-41d3-941f-fc2622852dc9,iwn_net.c,extra/iwnet/src/utils/iwn_net.c,ejdb,72
e59aeb36-bfa5-47ae-9135-f319dc8918be,iwn_base64.c,extra/iwnet/src/utils/iwn_base64.c,ejdb,350
f589bd3b-4d85-4db0-926a-d0bfea120bbf,iwn_wf.c,extra/iwnet/src/http/iwn_wf.c,ejdb,1589
e48d4c62-add1-43f8-8fcc-bb9d81bfd152,iwn_wf_sst_inmem.c,extra/iwnet/src/http/iwn_wf_sst_inmem.c,ejdb,124
571b9f63-d3ee-4842-982f-691ff1ba3c2a,iwn_http_server.c,extra/iwnet/src/http/iwn_http_server.c,ejdb,2653
bdd74a89-f95c-48a6-9f1d-14c43aa54828,iwn_wf_files.c,extra/iwnet/src/http/iwn_wf_files.c,ejdb,538
cac20c84-dfe6-4535-99af-c7df6cad8f28,wf_test1.c,extra/iwnet/src/http/tests/wf_test1.c,ejdb,415
27c67229-ea9f-411e-8b84-e5dd814cc66e,proxy1.c,extra/iwnet/src/http/tests/proxy1.c,ejdb,110
0b6919af-ffd8-42ac-b8a0-eeec33b8d107,server2.c,extra/iwnet/src/http/tests/server2.c,ejdb,342
08a38b32-54b1-4952-a21a-20342b0c81e5,server1.c,extra/iwnet/src/http/tests/server1.c,ejdb,183
7829b550-75df-45a9-ba3f-46efae1a569b,echo_http_server.c,extra/iwnet/src/http/examples/echo_http_server.c,ejdb,95
904881ed-1987-4c8e-80cd-f4d0f1ffb5e5,todolist_http_server.c,extra/iwnet/src/http/examples/todolist_http_server.c,ejdb,351
52666ca9-f50d-431f-9d9c-623993345a13,wslay_net.c,extra/iwnet/src/wslay/wslay_net.c,ejdb,35
ba044136-4ac8-4ca1-97d1-bffd8125678c,wslay_queue.c,extra/iwnet/src/wslay/wslay_queue.c,ejdb,77
2353a903-5358-4064-8651-95408220d381,wslay_event.c,extra/iwnet/src/wslay/wslay_event.c,ejdb,944
033bd023-f4cb-43f9-97b7-bb87f606326a,wslay_frame.c,extra/iwnet/src/wslay/wslay_frame.c,ejdb,352
87b930ef-3100-4092-9247-1d7e06c5b0f1,iwn_ws_server.c,extra/iwnet/src/ws/iwn_ws_server.c,ejdb,471
52ef4e2e-9fd8-490b-8b92-2477a328d127,iwn_ws_client.c,extra/iwnet/src/ws/iwn_ws_client.c,ejdb,819
6baab506-fa07-460e-a910-0599775a4c29,ws_client_test1.c,extra/iwnet/src/ws/tests/ws_client_test1.c,ejdb,84
aba78371-a236-49bb-893d-57fbb469c868,ws_client_test2.c,extra/iwnet/src/ws/tests/ws_client_test2.c,ejdb,87
1f4c4047-0b21-4947-9c14-e3a2753ebae2,ws_client_test3.c,extra/iwnet/src/ws/tests/ws_client_test3.c,ejdb,64
73965390-f0d8-4782-80d2-7d2f0c98d72b,ws_client_test4.c,extra/iwnet/src/ws/tests/ws_client_test4.c,ejdb,90
8a3d8675-79c5-47ad-ba2f-27479d3acff9,ws_server1.c,extra/iwnet/src/ws/tests/ws_server1.c,ejdb,133
0fae54a6-824b-41b8-bca7-8bdf931bad36,TestQSortR.c,extra/iowow/cmake/Modules/TestQSortR.c,ejdb,5
525f3ff0-eda8-4974-89d1-9f285e538242,iowow.c,extra/iowow/src/iowow.c,ejdb,80
e9260b5f-2139-4162-a963-78a4279e3836,iwal.c,extra/iowow/src/kv/iwal.c,ejdb,1197
3245c724-0519-4a40-a58b-b726fab143f9,iwkv.c,extra/iowow/src/kv/iwkv.c,ejdb,4141
3d5cb49f-6d36-4127-a0a5-a57f7a1337f7,kyc_benchmark.c,extra/iowow/src/kv/benchmark/kyc_benchmark.c,ejdb,183
1172392d-9819-4f05-bcd1-d92ad29db36a,bdb_benchmark.c,extra/iowow/src/kv/benchmark/bdb_benchmark.c,ejdb,215
f853335a-33ad-4dfb-8da5-0f005f81c390,wiredtiger_benchmark.c,extra/iowow/src/kv/benchmark/wiredtiger_benchmark.c,ejdb,239
b3c7ed79-645d-4e9a-adfa-6dec1d228a39,iwkv_benchmark.c,extra/iowow/src/kv/benchmark/iwkv_benchmark.c,ejdb,187
2157e13d-bda0-47b9-9fe8-ab6265dbff17,leveldb_benchmark.c,extra/iowow/src/kv/benchmark/leveldb_benchmark.c,ejdb,200
227ef043-838c-417c-a03c-c6da18ffe2b1,bmbase.c,extra/iowow/src/kv/benchmark/bmbase.c,ejdb,674
8958d7f9-204e-4886-a374-983c40ef9640,tc_benchmark.c,extra/iowow/src/kv/benchmark/tc_benchmark.c,ejdb,153
a9aaa375-1a53-49d8-ac6d-b31c00d52ca9,lmdb_benchmark.c,extra/iowow/src/kv/benchmark/lmdb_benchmark.c,ejdb,204
af60a12f-0bb4-42ad-8673-aa317c2740c5,iwkvdbg.c,extra/iowow/src/kv/dbg/iwkvdbg.c,ejdb,151
aa75d615-933d-4fbe-9dc6-8ebd6e261f60,iwkv_test5.c,extra/iowow/src/kv/tests/iwkv_test5.c,ejdb,283
f5080c6b-7d7b-4b3a-b9d2-f5e7305b2ecc,iwkv_test10.c,extra/iowow/src/kv/tests/iwkv_test10.c,ejdb,146
157eefea-76f3-46ed-9773-e12748653f3d,iwkv_test1.c,extra/iowow/src/kv/tests/iwkv_test1.c,ejdb,941
091cd71e-a13c-4b3a-9666-763ef5d7f458,iwkv_test6.c,extra/iowow/src/kv/tests/iwkv_test6.c,ejdb,158
fda1645e-561d-4408-87fe-9f6c95225aaa,iwkv_test8.c,extra/iowow/src/kv/tests/iwkv_test8.c,ejdb,297
4899fb43-8342-425d-b3f2-9cf47669e637,iwkv_test2.c,extra/iowow/src/kv/tests/iwkv_test2.c,ejdb,86
d9138ff5-941e-42bd-ad8a-454278b1ef03,iwkv_test7.c,extra/iowow/src/kv/tests/iwkv_test7.c,ejdb,112
c3ceaeba-e930-40da-9af2-5f504a06d0ba,iwkv_test3.c,extra/iowow/src/kv/tests/iwkv_test3.c,ejdb,202
c775a470-b22e-4731-903a-be40e5043bd2,iwkv_test9.c,extra/iowow/src/kv/tests/iwkv_test9.c,ejdb,83
9d939751-fa4a-461b-acc9-c1c7bf926a3a,iwkv_test4.c,extra/iowow/src/kv/tests/iwkv_test4.c,ejdb,343
313be84c-699e-4145-ae23-bec7b137816f,example1.c,extra/iowow/src/kv/examples/example1.c,ejdb,57
fcc38719-1d34-4a3a-8e92-a86479a05ce0,cursors1.c,extra/iowow/src/kv/examples/cursors1.c,ejdb,116
0352bfd9-564c-4dc2-bf0d-ad1ac629ac87,compoundkeys1.c,extra/iowow/src/kv/examples/compoundkeys1.c,ejdb,121
b0e6ff42-d92d-47f9-b13a-f6e69e246bb2,iwp.c,extra/iowow/src/platform/iwp.c,ejdb,264
87cbcc17-a0b7-4f28-ae2d-143d26fba260,unix.c,extra/iowow/src/platform/unix/unix.c,ejdb,424
0c62f7e6-dd24-42aa-acc3-0426e0787b02,win32.c,extra/iowow/src/platform/win32/win32.c,ejdb,320
2ac253dd-5b97-4d26-972b-89d3f52103aa,mman.c,extra/iowow/src/platform/win32/mman/mman.c,ejdb,133
931aa661-6636-4059-b080-cb9938adc222,iwrdb.c,extra/iowow/src/rdb/iwrdb.c,ejdb,293
a13611ec-ef33-4dea-ad67-0543c9c0177d,iwxstr.c,extra/iowow/src/utils/iwxstr.c,ejdb,349
f7892b0a-cf9b-4b50-96cc-c8fb39138e1a,iwpool.c,extra/iowow/src/utils/iwpool.c,ejdb,272
a4f27fd9-1b7f-42c3-97a6-87033dbc4af9,iwuuid.c,extra/iowow/src/utils/iwuuid.c,ejdb,74
0cd7daa0-135f-496c-8534-ae29a87ae636,mt19937ar.c,extra/iowow/src/utils/mt19937ar.c,ejdb,218
fb475caf-88b8-49da-ba42-6639c8abc04d,iwhmap.c,extra/iowow/src/utils/iwhmap.c,ejdb,601
401e8847-29f9-4048-84d2-4b2aee78fc51,utf8proc.c,extra/iowow/src/utils/utf8proc.c,ejdb,329
35fcba4c-5e6f-4a11-be18-875dd686b261,iwini.c,extra/iowow/src/utils/iwini.c,ejdb,307
cb8bf86f-68cd-48a0-afbf-f3c54d16eef0,iwrb.c,extra/iowow/src/utils/iwrb.c,ejdb,112
88ce8cc6-5a8c-4241-8fff-27440fbe54e4,iwavl.c,extra/iowow/src/utils/iwavl.c,ejdb,789
892085c8-1ddf-4d00-b574-6ecf29e4d042,iwtp.c,extra/iowow/src/utils/iwtp.c,ejdb,300
d4cd5b3c-a326-4e3d-b9ae-ab86981aa078,iwutils.c,extra/iowow/src/utils/iwutils.c,ejdb,364
42c5da7d-72f1-43dd-a553-32faa34ef974,iwth.c,extra/iowow/src/utils/iwth.c,ejdb,121
d692b20c-2b41-4c53-b616-dc7bb6b42a6d,murmur3.c,extra/iowow/src/utils/murmur3.c,ejdb,379
6e2adec1-acf0-4bc4-8ae2-fec0600f1869,iwconv.c,extra/iowow/src/utils/iwconv.c,ejdb,544
fd983676-0421-4942-a203-0ba8bc9a526d,iwarr.c,extra/iowow/src/utils/iwarr.c,ejdb,698
400c3330-4991-428f-a62c-6d1146af0be9,iwstw.c,extra/iowow/src/utils/iwstw.c,ejdb,323
1043f1ba-3c85-423b-a6c9-643b9fd70ccb,iwutils_test1.c,extra/iowow/src/utils/tests/iwutils_test1.c,ejdb,237
d2387a4e-3380-4bb4-af11-3619af8f2a27,iwhmap_test1.c,extra/iowow/src/utils/tests/iwhmap_test1.c,ejdb,175
4d9fb8da-1fe0-4510-ae55-dda47002bb0e,iwarr_test1.c,extra/iowow/src/utils/tests/iwarr_test1.c,ejdb,69
3ed77aa6-3a00-4670-8edb-d03dc341d90f,iwjson.c,extra/iowow/src/json/iwjson.c,ejdb,2989
ecf05d93-f7a4-4aea-b81f-214ce3211683,iwjser.c,extra/iowow/src/json/iwjser.c,ejdb,597
e19d0aef-23ec-4f3f-841a-847588a11e86,iwbinn.c,extra/iowow/src/json/iwbinn.c,ejdb,3153
107d4b80-c723-44eb-b295-beb47ae30ce5,jbl_test_binn1.c,extra/iowow/src/json/tests/jbl_test_binn1.c,ejdb,1842
bc92afcc-eb49-4cf5-8738-9056b5eef19b,jbl_test1.c,extra/iowow/src/json/tests/jbl_test1.c,ejdb,906
47026547-6d5e-46d8-86a9-2271b69bb2d8,jbl_test_binn2.c,extra/iowow/src/json/tests/jbl_test_binn2.c,ejdb,2464
1b46b550-020d-4e77-b007-bc9a848c6106,iwlog.c,extra/iowow/src/log/iwlog.c,ejdb,532
f991337b-272c-499f-a4c2-cc873e86ce0e,iwlog_test1.c,extra/iowow/src/log/tests/iwlog_test1.c,ejdb,135
cc553567-02b4-4b7f-8bdb-794c3c349b07,iwexfile.c,extra/iowow/src/fs/iwexfile.c,ejdb,945
ea936c9d-56f7-45fe-acb3-2f541dab90e2,iwfsmfile.c,extra/iowow/src/fs/iwfsmfile.c,ejdb,2026
fb70ef56-bc50-42c7-8055-88a02e68858c,iwfile.c,extra/iowow/src/fs/iwfile.c,ejdb,315
ebf82d91-4ab0-48f7-bdf0-d3b45197e864,iwfs.c,extra/iowow/src/fs/iwfs.c,ejdb,37
6503830e-11ac-4413-8259-cd8cf188366b,iwfs_test3.c,extra/iowow/src/fs/tests/iwfs_test3.c,ejdb,262
e62dc018-7bed-4541-8afe-f6b0403c2a3b,iwfs_test1.c,extra/iowow/src/fs/tests/iwfs_test1.c,ejdb,373
70a6536b-70fd-4369-99ff-8ea498205732,iwfs_test2.c,extra/iowow/src/fs/tests/iwfs_test2.c,ejdb,783
dcb8075e-d744-4e51-8ddb-4719f7f5ce7f,compile.c,extra/iowow/src/re/compile.c,ejdb,339
7fc3f780-0730-44a7-ac3f-983a9f25b670,iwre.c,extra/iowow/src/re/iwre.c,ejdb,64
aa6d1795-50c4-4d3f-bf6f-15972f8d17c1,vm.c,extra/iowow/src/re/vm.c,ejdb,230
887cb48f-fbfa-4f6a-82f4-166748c792d4,parse.c,extra/iowow/src/re/parse.c,ejdb,294
9f9dc3cc-b517-4b91-8cba-b2fe337f2e4b,iwre_test1.c,extra/iowow/src/re/tests/iwre_test1.c,ejdb,66
fa4d76d9-46cd-4b9f-92d6-900dc489562b,CMakeCCompilerId.c,build/CMakeFiles/3.22.1/CompilerIdC/CMakeCCompilerId.c,ejdb,803
9e27ea58-30de-44b1-9927-c79bbdac0dc1,CMakeCCompilerId.c,build/src/extern_iwnet-build/CMakeFiles/3.22.1/CompilerIdC/CMakeCCompilerId.c,ejdb,803
5b7cd472-fe09-453f-a75b-0f43be7f13e6,CMakeCCompilerId.c,build/src/extern_iowow-build/CMakeFiles/3.22.1/CompilerIdC/CMakeCCompilerId.c,ejdb,803
5f9f6106-2388-442c-aea0-16b4333f3418,strliteral.c,build/src/extern_iwnet/tools/strliteral.c,ejdb,206
e7bbe1bf-9981-40f4-9f2b-1181c950c142,mimegen.c,build/src/extern_iwnet/tools/mimegen.c,ejdb,149
11a0e446-5581-464f-92eb-5f9b4410124e,iwnet.c,build/src/extern_iwnet/src/iwnet.c,ejdb,6
fded1f3c-73f0-4e86-a0c2-2adc0b0b99a2,iwn_brssl_poller_adapter.c,build/src/extern_iwnet/src/ssl/iwn_brssl_poller_adapter.c,ejdb,595
f1867a94-722f-4159-9b9a-c190c0ce04e2,iwn_scheduler.c,build/src/extern_iwnet/src/poller/iwn_scheduler.c,ejdb,61
27f9e571-d687-4347-b2fc-2672c553e16f,iwn_proc.c,build/src/extern_iwnet/src/poller/iwn_proc.c,ejdb,715
9ff3cc36-9126-4dbf-98ca-8fad607a70e5,iwn_direct_poller_adapter.c,build/src/extern_iwnet/src/poller/iwn_direct_poller_adapter.c,ejdb,86
37a1be3b-bb01-487d-a185-13279ea867e4,iwn_poller.c,build/src/extern_iwnet/src/poller/iwn_poller.c,ejdb,1089
6d55b96f-86e6-4859-9250-b8d953da6036,poller_timeout_test1.c,build/src/extern_iwnet/src/poller/tests/poller_timeout_test1.c,ejdb,39
c907ea6a-9488-402e-a181-0f6dad44b5e9,poller_proc_test1.c,build/src/extern_iwnet/src/poller/tests/poller_proc_test1.c,ejdb,137
470adad5-8910-4096-b45a-432e0b07fc74,poller_scheduler_test1.c,build/src/extern_iwnet/src/poller/tests/poller_scheduler_test1.c,ejdb,34
78891a5c-ac3d-4082-a5d6-c3abe2f46ab8,poller_pipe_test1.c,build/src/extern_iwnet/src/poller/tests/poller_pipe_test1.c,ejdb,77
066b5646-5c34-4863-ba73-b9355e6d4270,echo.c,build/src/extern_iwnet/src/poller/tests/echo.c,ejdb,23
4e7d0bf6-a356-4447-8144-5896b5dde0c8,settings.c,build/src/extern_iwnet/src/bearssl/settings.c,ejdb,306
ed4a07db-d018-48f6-a1a3-a8fc46fd26fc,shake.c,build/src/extern_iwnet/src/bearssl/kdf/shake.c,ejdb,590
3105eb41-e930-40f4-887c-1351f9b83417,hkdf.c,build/src/extern_iwnet/src/bearssl/kdf/hkdf.c,ejdb,107
7688bed9-2dad-4f24-bca7-120a4e8d05d3,ssl_hashes.c,build/src/extern_iwnet/src/bearssl/ssl/ssl_hashes.c,ejdb,46
f9c83eb5-3f39-43f5-b2c1-01beabe8db95,ssl_scert_single_ec.c,build/src/extern_iwnet/src/bearssl/ssl/ssl_scert_single_ec.c,ejdb,142
d81cc6eb-b658-464e-bd30-7394f9102096,ssl_engine_default_rsavrfy.c,build/src/extern_iwnet/src/bearssl/ssl/ssl_engine_default_rsavrfy.c,ejdb,32
6a3ebc93-95ac-4154-a2ce-d7cf43669507,prf.c,build/src/extern_iwnet/src/bearssl/ssl/prf.c,ejdb,73
37c28f87-87ff-4f40-b3a4-d84084530ee8,ssl_engine_default_ecdsa.c,build/src/extern_iwnet/src/bearssl/ssl/ssl_engine_default_ecdsa.c,ejdb,38
15a7a9bb-e5ac-4151-b946-98517c1bf3a2,ssl_server_minf2c.c,build/src/extern_iwnet/src/bearssl/ssl/ssl_server_minf2c.c,ejdb,71
4efc73e5-cd63-4462-b675-a2ecf74c213a,ssl_server_mine2g.c,build/src/extern_iwnet/src/bearssl/ssl/ssl_server_mine2g.c,ejdb,71
015e3ca8-27ab-42f7-8422-055481eeea02,ssl_io.c,build/src/extern_iwnet/src/bearssl/ssl/ssl_io.c,ejdb,261
f771d923-b310-47b6-b9c7-3e8eb38a4ca1,ssl_server_minr2g.c,build/src/extern_iwnet/src/bearssl/ssl/ssl_server_minr2g.c,ejdb,70
eebf93c7-f3a1-44d1-bf28-1d4ab67f7d24,ssl_server_mine2c.c,build/src/extern_iwnet/src/bearssl/ssl/ssl_server_mine2c.c,ejdb,71
6550caa5-5078-43a6-8f9f-bd8a8a6559bf,ssl_engine.c,build/src/extern_iwnet/src/bearssl/ssl/ssl_engine.c,ejdb,1584
99668b63-30fb-4245-b14e-40bf8f2a44ab,ssl_hs_client.c,build/src/extern_iwnet/src/bearssl/ssl/ssl_hs_client.c,ejdb,1915
922ab51e-1f14-4229-b92a-578feaf99210,ssl_engine_default_aesccm.c,build/src/extern_iwnet/src/bearssl/ssl/ssl_engine_default_aesccm.c,ejdb,67
a4674564-8acf-4d82-b2c6-dcd4cdba04a6,ssl_rec_ccm.c,build/src/extern_iwnet/src/bearssl/ssl/ssl_rec_ccm.c,ejdb,213
f78799f4-198a-4dae-b681-e23c017bc71d,ssl_server_minf2g.c,build/src/extern_iwnet/src/bearssl/ssl/ssl_server_minf2g.c,ejdb,71
49e9c9c7-98b3-40e2-a552-8abea4c2c14b,ssl_client.c,build/src/extern_iwnet/src/bearssl/ssl/ssl_client.c,ejdb,78
7595301a-1c05-49a7-8a70-5cc4ac9a3a5e,ssl_server_minu2g.c,build/src/extern_iwnet/src/bearssl/ssl/ssl_server_minu2g.c,ejdb,70
f6387a36-1733-4fc6-891d-fe88a9c14397,ssl_rec_gcm.c,build/src/extern_iwnet/src/bearssl/ssl/ssl_rec_gcm.c,ejdb,235
03e3748d-401d-4dc1-9623-946993a8a478,ssl_rec_chapol.c,build/src/extern_iwnet/src/bearssl/ssl/ssl_rec_chapol.c,ejdb,177
462652c5-f16b-499a-aeba-1f4a5e48748f,ssl_engine_default_aesgcm.c,build/src/extern_iwnet/src/bearssl/ssl/ssl_engine_default_aesgcm.c,ejdb,89
d94d5c21-1c9b-4010-b732-15b8a4592b02,ssl_keyexport.c,build/src/extern_iwnet/src/bearssl/ssl/ssl_keyexport.c,ejdb,83
674be680-3e71-4a66-ab4b-bbc2cf09c76b,ssl_engine_default_aescbc.c,build/src/extern_iwnet/src/bearssl/ssl/ssl_engine_default_aescbc.c,ejdb,64
2d0d17c5-fefb-4156-874d-0c2eaea820a7,ssl_rec_cbc.c,build/src/extern_iwnet/src/bearssl/ssl/ssl_rec_cbc.c,ejdb,440
924ebf05-ea1f-448d-8326-abb5e5098467,ssl_server_minv2g.c,build/src/extern_iwnet/src/bearssl/ssl/ssl_server_minv2g.c,ejdb,70
8648cc31-2e24-4c1e-81b7-47b9436ebe42,ssl_engine_default_descbc.c,build/src/extern_iwnet/src/bearssl/ssl/ssl_engine_default_descbc.c,ejdb,37
410c5c35-23bd-457d-8c29-20d26bbf8c9a,ssl_lru.c,build/src/extern_iwnet/src/bearssl/ssl/ssl_lru.c,ejdb,537
79b757c5-f8ee-49c1-a379-812608bb2c15,prf_sha384.c,build/src/extern_iwnet/src/bearssl/ssl/prf_sha384.c,ejdb,36
0bbe8741-c518-4868-bae9-8406bcaa7f47,prf_sha256.c,build/src/extern_iwnet/src/bearssl/ssl/prf_sha256.c,ejdb,36
b3ab5c84-c51f-418c-9e94-1ac1586781fa,ssl_server.c,build/src/extern_iwnet/src/bearssl/ssl/ssl_server.c,ejdb,52
cd834ff2-efe8-47dd-a6ed-f8226180c40a,ssl_hs_server.c,build/src/extern_iwnet/src/bearssl/ssl/ssl_hs_server.c,ejdb,2009
dbde00dc-f921-47de-8fe6-ab60211ee170,ssl_engine_default_ec.c,build/src/extern_iwnet/src/bearssl/ssl/ssl_engine_default_ec.c,ejdb,36
e7e8b8d4-f5b8-4772-ba1a-ee86086c6aba,ssl_client_default_rsapub.c,build/src/extern_iwnet/src/bearssl/ssl/ssl_client_default_rsapub.c,ejdb,32
f15bccac-3843-49f8-ae42-9e2a17b12106,ssl_engine_default_chapol.c,build/src/extern_iwnet/src/bearssl/ssl/ssl_engine_default_chapol.c,ejdb,65
ec3abe4b-41d4-490f-a0ac-ba2631ffc776,ssl_scert_single_rsa.c,build/src/extern_iwnet/src/bearssl/ssl/ssl_scert_single_rsa.c,ejdb,162
206fe5c1-3e0e-4d2b-a63c-4138e4a01aef,ssl_ccert_single_rsa.c,build/src/extern_iwnet/src/bearssl/ssl/ssl_ccert_single_rsa.c,ejdb,149
035ad176-d774-48a3-809d-9e5b5fbb9223,ssl_server_full_ec.c,build/src/extern_iwnet/src/bearssl/ssl/ssl_server_full_ec.c,ejdb,149
d7b32230-f3ca-4c84-b32f-7a1c095516f0,prf_md5sha1.c,build/src/extern_iwnet/src/bearssl/ssl/prf_md5sha1.c,ejdb,43
7481091e-7e44-4ddf-ba07-126c54424f34,ssl_client_full.c,build/src/extern_iwnet/src/bearssl/ssl/ssl_client_full.c,ejdb,179
35c8f67e-7d00-49fc-ab02-aed73c46d24c,ssl_server_full_rsa.c,build/src/extern_iwnet/src/bearssl/ssl/ssl_server_full_rsa.c,ejdb,132
eaf4fd91-eb21-4b43-b3a7-fd585ffbdf75,ssl_ccert_single_ec.c,build/src/extern_iwnet/src/bearssl/ssl/ssl_ccert_single_ec.c,ejdb,156
8087b263-6b6e-4c3c-9a86-c1a9eeea2549,names.c,build/src/extern_iwnet/src/bearssl/tools/names.c,ejdb,1056
4efeb11a-cd9f-4d88-bdee-3c11a74f39c3,ta.c,build/src/extern_iwnet/src/bearssl/tools/ta.c,ejdb,254
d74e038b-8f6b-4dbb-b2dc-52261a03fe75,impl.c,build/src/extern_iwnet/src/bearssl/tools/impl.c,ejdb,48
c9c56658-136d-4e75-9e94-83bdc3992860,files.c,build/src/extern_iwnet/src/bearssl/tools/files.c,ejdb,335
bb38d8f6-1d07-43b5-86ec-d6ceeb89febf,vector.c,build/src/extern_iwnet/src/bearssl/tools/vector.c,ejdb,66
f622ef59-78f9-4b80-844a-05abff60462a,skey.c,build/src/extern_iwnet/src/bearssl/tools/skey.c,ejdb,784
28367f94-e700-4e68-b3f5-20ac0cea088a,certs.c,build/src/extern_iwnet/src/bearssl/tools/certs.c,ejdb,264
45f30294-f081-4a15-93fe-f39a2a1ad894,verify.c,build/src/extern_iwnet/src/bearssl/tools/verify.c,ejdb,353
66a4406b-f868-4eeb-a16e-7d03ba36ed3f,keys.c,build/src/extern_iwnet/src/bearssl/tools/keys.c,ejdb,239
6cf505ec-a8ac-41e7-a8c5-47e9446c2835,chain.c,build/src/extern_iwnet/src/bearssl/tools/chain.c,ejdb,154
a7b225c0-9d6b-403d-9330-48e59f3bc52b,xmem.c,build/src/extern_iwnet/src/bearssl/tools/xmem.c,ejdb,120
0f9739f3-69be-4114-b653-d43feb333c77,twrch.c,build/src/extern_iwnet/src/bearssl/tools/twrch.c,ejdb,1069
6d6aeeb7-bbc2-4bf8-b5db-ca8c714f1354,errors.c,build/src/extern_iwnet/src/bearssl/tools/errors.c,ejdb,344
bc26cfed-b540-4e74-ad21-2818afe80ac3,sslio.c,build/src/extern_iwnet/src/bearssl/tools/sslio.c,ejdb,760
3ce5b2ad-ed57-46dc-89f9-0205ec1ea1bb,gcm.c,build/src/extern_iwnet/src/bearssl/aead/gcm.c,ejdb,318
c7abb539-636f-4e31-92d8-de1c398b96fd,ccm.c,build/src/extern_iwnet/src/bearssl/aead/ccm.c,ejdb,346
87406365-04e2-4da4-a712-349d8fe20fb2,eax.c,build/src/extern_iwnet/src/bearssl/aead/eax.c,ejdb,525
a947ac5b-a2ad-4fcf-98d0-ac30aabd3f42,sha2small.c,build/src/extern_iwnet/src/bearssl/hash/sha2small.c,ejdb,341
c19ac57f-25c8-43b1-8f97-3fccef6a41e6,ghash_ctmul32.c,build/src/extern_iwnet/src/bearssl/hash/ghash_ctmul32.c,ejdb,251
01ec9766-2398-4744-8594-1bc8209df0a6,mgf1.c,build/src/extern_iwnet/src/bearssl/hash/mgf1.c,ejdb,56
bf296b8b-8580-42e2-bb9e-cd9516f51825,sha1.c,build/src/extern_iwnet/src/bearssl/hash/sha1.c,ejdb,191
b17176c4-8e85-422d-8c39-f6e847bb9ff7,md5sha1.c,build/src/extern_iwnet/src/bearssl/hash/md5sha1.c,ejdb,141
3643376b-18b0-420b-be32-c1d7722b4771,dig_size.c,build/src/extern_iwnet/src/bearssl/hash/dig_size.c,ejdb,50
6b1c799c-ecc1-491e-985b-48ae09a02527,multihash.c,build/src/extern_iwnet/src/bearssl/hash/multihash.c,ejdb,166
e29cd4b1-7967-4dc5-990a-8d6160d09325,ghash_pclmul.c,build/src/extern_iwnet/src/bearssl/hash/ghash_pclmul.c,ejdb,389
e7f5da41-8283-4f6d-ac48-3e25ef2881b8,ghash_ctmul.c,build/src/extern_iwnet/src/bearssl/hash/ghash_ctmul.c,ejdb,345
017832e9-65ae-4a92-8bf6-7bed26b477c9,ghash_ctmul64.c,build/src/extern_iwnet/src/bearssl/hash/ghash_ctmul64.c,ejdb,154
8d8d0785-0c77-47b2-8782-c1636b9ba010,sha2big.c,build/src/extern_iwnet/src/bearssl/hash/sha2big.c,ejdb,285
a270f339-e8bf-42d7-849a-ec4b6dd225aa,ghash_pwr8.c,build/src/extern_iwnet/src/bearssl/hash/ghash_pwr8.c,ejdb,411
39dd672d-922b-4d37-b358-15d62eedc8ce,md5.c,build/src/extern_iwnet/src/bearssl/hash/md5.c,ejdb,208
b098dca3-ada3-4286-90fe-728e07236c3d,dig_oid.c,build/src/extern_iwnet/src/bearssl/hash/dig_oid.c,ejdb,84
f9ceef9a-4df7-48d0-8b9b-f332fc38e6b8,enc32le.c,build/src/extern_iwnet/src/bearssl/codec/enc32le.c,ejdb,38
ccfe8efc-f175-4d73-a907-b3f88ca1c628,dec16le.c,build/src/extern_iwnet/src/bearssl/codec/dec16le.c,ejdb,38
928433a0-368d-4ac7-a8af-d1215c554c6f,dec64be.c,build/src/extern_iwnet/src/bearssl/codec/dec64be.c,ejdb,38
dcd81626-43e8-49cc-8fe8-15d28aea2bbc,dec16be.c,build/src/extern_iwnet/src/bearssl/codec/dec16be.c,ejdb,38
2abf4f98-5f98-4929-b2f3-a12205973ae7,enc32be.c,build/src/extern_iwnet/src/bearssl/codec/enc32be.c,ejdb,38
fe233d20-705a-4461-b701-4376e696cf25,dec64le.c,build/src/extern_iwnet/src/bearssl/codec/dec64le.c,ejdb,38
ddf6fa54-127c-4cba-b5a3-5b03dee50dbe,enc64le.c,build/src/extern_iwnet/src/bearssl/codec/enc64le.c,ejdb,38
b2399419-663d-449e-8b7c-bc93536b17f0,dec32be.c,build/src/extern_iwnet/src/bearssl/codec/dec32be.c,ejdb,38
a6dc2138-074d-4ecd-beeb-f77c782c678d,enc16be.c,build/src/extern_iwnet/src/bearssl/codec/enc16be.c,ejdb,38
8b79dc02-ea5c-481c-9a6e-9b692fcd9954,pemenc.c,build/src/extern_iwnet/src/bearssl/codec/pemenc.c,ejdb,173
4ee67f62-beca-4a25-a0d9-010d8ea2f0e5,ccopy.c,build/src/extern_iwnet/src/bearssl/codec/ccopy.c,ejdb,44
7fd2602e-4ca2-4355-913e-65e84fc7009e,pemdec.c,build/src/extern_iwnet/src/bearssl/codec/pemdec.c,ejdb,526
8d3eeab5-9edc-49d7-b378-bc29921cdf96,enc64be.c,build/src/extern_iwnet/src/bearssl/codec/enc64be.c,ejdb,38
21cdedb5-fe80-4669-96f0-f0c08855b6e6,enc16le.c,build/src/extern_iwnet/src/bearssl/codec/enc16le.c,ejdb,38
3e7583df-0c86-4151-8c4f-950f54c31173,dec32le.c,build/src/extern_iwnet/src/bearssl/codec/dec32le.c,ejdb,38
62c93e30-1ca4-4ed1-b4fb-b34be5733491,rsa_i31_keygen_inner.c,build/src/extern_iwnet/src/bearssl/rsa/rsa_i31_keygen_inner.c,ejdb,608
1118536b-a7c5-4483-bb92-73debff79b46,rsa_default_pss_vrfy.c,build/src/extern_iwnet/src/bearssl/rsa/rsa_default_pss_vrfy.c,ejdb,38
db93a8e1-dbfb-4805-b3d5-540910c150f5,rsa_i15_pubexp.c,build/src/extern_iwnet/src/bearssl/rsa/rsa_i15_pubexp.c,ejdb,152
5ddce25c-5bd9-46e1-bda0-6ad891547231,rsa_i62_pkcs1_vrfy.c,build/src/extern_iwnet/src/bearssl/rsa/rsa_i62_pkcs1_vrfy.c,ejdb,63
f9fa49a3-1359-44f6-8193-108bfac83f07,rsa_i31_modulus.c,build/src/extern_iwnet/src/bearssl/rsa/rsa_i31_modulus.c,ejdb,99
1d5d8d95-e0ab-4ccb-952c-f69965c2f010,rsa_i32_pss_sign.c,build/src/extern_iwnet/src/bearssl/rsa/rsa_i32_pss_sign.c,ejdb,40
fee780f0-ba40-4fcc-9853-96b8a219bc35,rsa_i15_oaep_encrypt.c,build/src/extern_iwnet/src/bearssl/rsa/rsa_i15_oaep_encrypt.c,ejdb,44
f43a99a2-a74e-4604-9519-a932ebdb9fd4,rsa_i15_pub.c,build/src/extern_iwnet/src/bearssl/rsa/rsa_i15_pub.c,ejdb,113
4ce09ef7-a950-437e-852c-89875ad48066,rsa_pss_sig_pad.c,build/src/extern_iwnet/src/bearssl/rsa/rsa_pss_sig_pad.c,ejdb,106
0aea6719-120d-464d-80dc-2a00518447f8,rsa_default_pub.c,build/src/extern_iwnet/src/bearssl/rsa/rsa_default_pub.c,ejdb,38
30aa26ca-35d5-4e96-b583-efad949f55ff,rsa_default_modulus.c,build/src/extern_iwnet/src/bearssl/rsa/rsa_default_modulus.c,ejdb,36
fbf08151-48a4-4eaa-ac0f-9172edd352db,rsa_i31_pub.c,build/src/extern_iwnet/src/bearssl/rsa/rsa_i31_pub.c,ejdb,106
d1d061b3-f077-4ad8-9daf-604fcea43fa7,rsa_i62_oaep_encrypt.c,build/src/extern_iwnet/src/bearssl/rsa/rsa_i62_oaep_encrypt.c,ejdb,64
3330f319-721e-420d-8e93-4aa245864f36,rsa_i31_pkcs1_vrfy.c,build/src/extern_iwnet/src/bearssl/rsa/rsa_i31_pkcs1_vrfy.c,ejdb,43
297e32c1-ef04-4d55-8b26-ab2e11872b08,rsa_i32_oaep_decrypt.c,build/src/extern_iwnet/src/bearssl/rsa/rsa_i32_oaep_decrypt.c,ejdb,41
a2c0db7c-f4fd-4daa-b6b2-05f1cac50725,rsa_i15_pss_vrfy.c,build/src/extern_iwnet/src/bearssl/rsa/rsa_i15_pss_vrfy.c,ejdb,44
d6a2b3b0-a137-4842-b31e-2ab6bd99b008,rsa_i31_keygen.c,build/src/extern_iwnet/src/bearssl/rsa/rsa_i31_keygen.c,ejdb,37
91beb57a-5011-4e3b-8b9d-80eaba08d26d,rsa_default_oaep_decrypt.c,build/src/extern_iwnet/src/bearssl/rsa/rsa_default_oaep_decrypt.c,ejdb,38
da29344b-9a57-45e2-8413-4b15adde9574,rsa_i15_pkcs1_vrfy.c,build/src/extern_iwnet/src/bearssl/rsa/rsa_i15_pkcs1_vrfy.c,ejdb,43
7d733906-eb16-42de-858d-79c1967c27cf,rsa_default_priv.c,build/src/extern_iwnet/src/bearssl/rsa/rsa_default_priv.c,ejdb,38
8ef1b97b-771b-443d-b1fc-51805fc220c4,rsa_i32_priv.c,build/src/extern_iwnet/src/bearssl/rsa/rsa_i32_priv.c,ejdb,160
605fd253-3419-4528-860d-e0d8eb69c9a6,rsa_i62_pss_sign.c,build/src/extern_iwnet/src/bearssl/rsa/rsa_i62_pss_sign.c,ejdb,60
4b670056-78f3-4413-8e2c-14d995a6733c,rsa_default_pubexp.c,build/src/extern_iwnet/src/bearssl/rsa/rsa_default_pubexp.c,ejdb,36
63e5c1a8-6d6a-444d-afae-4f005b9a5478,rsa_oaep_unpad.c,build/src/extern_iwnet/src/bearssl/rsa/rsa_oaep_unpad.c,ejdb,145
c1b1bd03-861a-47bf-84a6-df795c19c687,rsa_ssl_decrypt.c,build/src/extern_iwnet/src/bearssl/rsa/rsa_ssl_decrypt.c,ejdb,52
7190fd1b-a9b4-49fb-8cb2-90dd75fae720,rsa_default_keygen.c,build/src/extern_iwnet/src/bearssl/rsa/rsa_default_keygen.c,ejdb,38
f132a3c8-6e34-4773-8d4b-a71da93600b0,rsa_default_pkcs1_sign.c,build/src/extern_iwnet/src/bearssl/rsa/rsa_default_pkcs1_sign.c,ejdb,38
a27d8eee-6a19-4d31-8cab-f317e6506363,rsa_pss_sig_unpad.c,build/src/extern_iwnet/src/bearssl/rsa/rsa_pss_sig_unpad.c,ejdb,121
1955676b-6d1a-419a-8318-31958989092d,rsa_i32_pub.c,build/src/extern_iwnet/src/bearssl/rsa/rsa_i32_pub.c,ejdb,77
a7ebb1a9-1099-4cce-aafc-3425f212b3ec,rsa_i31_pubexp.c,build/src/extern_iwnet/src/bearssl/rsa/rsa_i31_pubexp.c,ejdb,152
374e8819-6fb5-4b1f-82df-260753f2d570,rsa_i15_privexp.c,build/src/extern_iwnet/src/bearssl/rsa/rsa_i15_privexp.c,ejdb,320
cc975d77-1f47-4d61-b20f-4d0736a5fd01,rsa_i31_oaep_decrypt.c,build/src/extern_iwnet/src/bearssl/rsa/rsa_i31_oaep_decrypt.c,ejdb,41
c134ab08-dcad-4640-a8a2-dfa22c01c03f,rsa_i31_pss_vrfy.c,build/src/extern_iwnet/src/bearssl/rsa/rsa_i31_pss_vrfy.c,ejdb,44
603be6c9-6e1e-4fec-aed0-9b37e9198c5b,rsa_i15_keygen.c,build/src/extern_iwnet/src/bearssl/rsa/rsa_i15_keygen.c,ejdb,583
cc7a06d4-5b2c-4d89-9665-7dad4bcb6ed5,rsa_i62_keygen.c,build/src/extern_iwnet/src/bearssl/rsa/rsa_i62_keygen.c,ejdb,57
cb306dbd-a437-45cb-8bb5-10695e6f9f48,rsa_i32_pkcs1_sign.c,build/src/extern_iwnet/src/bearssl/rsa/rsa_i32_pkcs1_sign.c,ejdb,37
4f0fb618-5188-4b62-9643-86d8e18b1300,rsa_pkcs1_sig_pad.c,build/src/extern_iwnet/src/bearssl/rsa/rsa_pkcs1_sig_pad.c,ejdb,100
b5d04cf4-b322-4a28-83ce-35d55ce5e946,rsa_i31_priv.c,build/src/extern_iwnet/src/bearssl/rsa/rsa_i31_priv.c,ejdb,203
b64dc7a0-2fe0-466d-a94e-56d658fe38bc,rsa_default_pss_sign.c,build/src/extern_iwnet/src/bearssl/rsa/rsa_default_pss_sign.c,ejdb,38
f283b082-85d7-4205-bd38-f851cd4dd7e0,rsa_i32_pss_vrfy.c,build/src/extern_iwnet/src/bearssl/rsa/rsa_i32_pss_vrfy.c,ejdb,44
3f9fbf63-f19c-4eb6-8fe3-3d66e1971560,rsa_i62_pkcs1_sign.c,build/src/extern_iwnet/src/bearssl/rsa/rsa_i62_pkcs1_sign.c,ejdb,57
f6b4488f-5a36-4549-87c2-470c47e81e6f,rsa_i31_oaep_encrypt.c,build/src/extern_iwnet/src/bearssl/rsa/rsa_i31_oaep_encrypt.c,ejdb,44
d60c82be-eae1-4103-b966-9b8ebb8b4f51,rsa_i15_priv.c,build/src/extern_iwnet/src/bearssl/rsa/rsa_i15_priv.c,ejdb,209
b2c40321-4776-4572-9eb7-afa6c914a417,rsa_i15_pkcs1_sign.c,build/src/extern_iwnet/src/bearssl/rsa/rsa_i15_pkcs1_sign.c,ejdb,37
fd71f5d0-d8a2-44d6-a760-f6aa22697285,rsa_i62_pub.c,build/src/extern_iwnet/src/bearssl/rsa/rsa_i62_pub.c,ejdb,125
e571c771-b8fd-48f5-a56d-7f48559fe0a2,rsa_default_privexp.c,build/src/extern_iwnet/src/bearssl/rsa/rsa_default_privexp.c,ejdb,36
e1afbac3-3011-4abc-9e37-9020ae3e5c27,rsa_pkcs1_sig_unpad.c,build/src/extern_iwnet/src/bearssl/rsa/rsa_pkcs1_sig_unpad.c,ejdb,121
cf72c68b-9953-4686-9114-d8115a541257,rsa_i62_pss_vrfy.c,build/src/extern_iwnet/src/bearssl/rsa/rsa_i62_pss_vrfy.c,ejdb,64
4d5a88e4-f169-48f7-ab26-1157f92032f8,rsa_i15_pss_sign.c,build/src/extern_iwnet/src/bearssl/rsa/rsa_i15_pss_sign.c,ejdb,40
2348d698-7762-4048-8cf4-715ea578e124,rsa_i31_pkcs1_sign.c,build/src/extern_iwnet/src/bearssl/rsa/rsa_i31_pkcs1_sign.c,ejdb,37
0046548a-0f8b-4a46-8b88-c400c1d7d1cc,rsa_i31_privexp.c,build/src/extern_iwnet/src/bearssl/rsa/rsa_i31_privexp.c,ejdb,318
9895ca29-3dc7-4eda-9ddb-fee9fe79c904,rsa_i62_priv.c,build/src/extern_iwnet/src/bearssl/rsa/rsa_i62_priv.c,ejdb,223
8b091f46-3b5a-4656-abfe-190da81f0dd4,rsa_default_oaep_encrypt.c,build/src/extern_iwnet/src/bearssl/rsa/rsa_default_oaep_encrypt.c,ejdb,38
38df5482-5a85-4e77-b432-281052c568e8,rsa_i62_oaep_decrypt.c,build/src/extern_iwnet/src/bearssl/rsa/rsa_i62_oaep_decrypt.c,ejdb,61
bdad800e-8656-4d2f-9e1c-e6aa0a77c78d,rsa_i32_oaep_encrypt.c,build/src/extern_iwnet/src/bearssl/rsa/rsa_i32_oaep_encrypt.c,ejdb,44
2a2f833c-6649-4b58-8254-0e3fcc8b1185,rsa_default_pkcs1_vrfy.c,build/src/extern_iwnet/src/bearssl/rsa/rsa_default_pkcs1_vrfy.c,ejdb,38
0d7b7efa-7513-4dba-8969-607a2b8eef29,rsa_oaep_pad.c,build/src/extern_iwnet/src/bearssl/rsa/rsa_oaep_pad.c,ejdb,112
f2cffce7-2214-45da-9dca-61dacd5cf934,rsa_i15_modulus.c,build/src/extern_iwnet/src/bearssl/rsa/rsa_i15_modulus.c,ejdb,99
2683a7e1-404e-4a54-a518-8b0d38ff2e3f,rsa_i31_pss_sign.c,build/src/extern_iwnet/src/bearssl/rsa/rsa_i31_pss_sign.c,ejdb,40
a2dc1105-7283-4982-aa28-607efb541e24,rsa_i32_pkcs1_vrfy.c,build/src/extern_iwnet/src/bearssl/rsa/rsa_i32_pkcs1_vrfy.c,ejdb,43
803b667e-c607-4a02-9111-57cfdcaec430,rsa_i15_oaep_decrypt.c,build/src/extern_iwnet/src/bearssl/rsa/rsa_i15_oaep_decrypt.c,ejdb,41
dfaadc4f-6da9-4e92-83f8-82edc8d8f929,ec_p256_m62.c,build/src/extern_iwnet/src/bearssl/ec/ec_p256_m62.c,ejdb,1765
67b7e91a-9459-4191-a078-7910db50f6a3,ec_keygen.c,build/src/extern_iwnet/src/bearssl/ec/ec_keygen.c,ejdb,86
4ab87b63-5857-42e4-850b-7965418bc6fe,ec_prime_i31.c,build/src/extern_iwnet/src/bearssl/ec/ec_prime_i31.c,ejdb,826
a653b61c-a208-4224-86ed-991fff851e6a,ec_default.c,build/src/extern_iwnet/src/bearssl/ec/ec_default.c,ejdb,36
32e43414-57eb-4703-a5d8-1704591daeaf,ecdsa_i31_vrfy_asn1.c,build/src/extern_iwnet/src/bearssl/ec/ecdsa_i31_vrfy_asn1.c,ejdb,48
574c213c-991b-448d-aae0-655b5e997ccc,ec_c25519_m62.c,build/src/extern_iwnet/src/bearssl/ec/ec_c25519_m62.c,ejdb,605
d1c8018f-c12b-4046-aa14-4ecdd0785bb4,ecdsa_atr.c,build/src/extern_iwnet/src/bearssl/ec/ecdsa_atr.c,ejdb,134
906df096-85db-4ff6-ad41-f4a5b9027867,ecdsa_i15_vrfy_asn1.c,build/src/extern_iwnet/src/bearssl/ec/ecdsa_i15_vrfy_asn1.c,ejdb,48
0e76aad1-e2f4-4cff-af5a-a34da5f43d9d,ec_c25519_m31.c,build/src/extern_iwnet/src/bearssl/ec/ec_c25519_m31.c,ejdb,800
495c1155-e42e-49d9-b1cc-238e40477da2,ec_c25519_i31.c,build/src/extern_iwnet/src/bearssl/ec/ec_c25519_i31.c,ejdb,390
30701bb9-583c-4ac5-958b-6ff1cf38e7d6,ec_curve25519.c,build/src/extern_iwnet/src/bearssl/ec/ec_curve25519.c,ejdb,46
cf4baa49-6ce9-4be8-a63c-df3ae7631f11,ec_all_m31.c,build/src/extern_iwnet/src/bearssl/ec/ec_all_m31.c,ejdb,171
9510ba31-6a6a-441e-ada4-5b6b2d309bee,ec_p256_m31.c,build/src/extern_iwnet/src/bearssl/ec/ec_p256_m31.c,ejdb,1469
5024718b-e7b0-4618-8f37-231614d8bfe8,ecdsa_default_sign_asn1.c,build/src/extern_iwnet/src/bearssl/ec/ecdsa_default_sign_asn1.c,ejdb,36
2822ffe5-f476-4f75-a3b3-5d7693d3810a,ecdsa_rta.c,build/src/extern_iwnet/src/bearssl/ec/ecdsa_rta.c,ejdb,121
13e32614-4985-4ea6-842f-f8cfc2f2e76c,ec_p256_m64.c,build/src/extern_iwnet/src/bearssl/ec/ec_p256_m64.c,ejdb,1730
6eb4d7d4-b3bc-4c69-8470-6c825ca819a2,ecdsa_i15_vrfy_raw.c,build/src/extern_iwnet/src/bearssl/ec/ecdsa_i15_vrfy_raw.c,ejdb,166
4cc644cf-814e-4a9a-9415-315b4268b750,ec_c25519_m15.c,build/src/extern_iwnet/src/bearssl/ec/ec_c25519_m15.c,ejdb,1478
c4e87ef4-b401-44b8-835b-1329293ba4d2,ec_all_m15.c,build/src/extern_iwnet/src/bearssl/ec/ec_all_m15.c,ejdb,121
e2e57a47-d247-47a1-8a8b-b810e10f5042,ec_c25519_m64.c,build/src/extern_iwnet/src/bearssl/ec/ec_c25519_m64.c,ejdb,831
ce59f12e-4f20-4c4e-bd70-b8515638848c,ecdsa_i31_sign_asn1.c,build/src/extern_iwnet/src/bearssl/ec/ecdsa_i31_sign_asn1.c,ejdb,45
925f1575-4af4-45c8-a750-35002c4ace4a,ecdsa_i15_sign_raw.c,build/src/extern_iwnet/src/bearssl/ec/ecdsa_i15_sign_raw.c,ejdb,174
eb0a525c-3598-4d87-82f0-b73b7eadfafb,ec_c25519_i15.c,build/src/extern_iwnet/src/bearssl/ec/ec_c25519_i15.c,ejdb,398
907707a3-7470-4466-aaed-d4afcb73e043,ec_secp384r1.c,build/src/extern_iwnet/src/bearssl/ec/ec_secp384r1.c,ejdb,57
fb8b9064-a7ef-4956-8fcc-d0ac30e4ec5f,ec_p256_m15.c,build/src/extern_iwnet/src/bearssl/ec/ec_p256_m15.c,ejdb,2124
db68fb23-778e-4d48-8a35-d662642959ee,ecdsa_i15_sign_asn1.c,build/src/extern_iwnet/src/bearssl/ec/ecdsa_i15_sign_asn1.c,ejdb,45
e70892f0-db84-41d4-a1db-3b4fe273b42c,ecdsa_i31_vrfy_raw.c,build/src/extern_iwnet/src/bearssl/ec/ecdsa_i31_vrfy_raw.c,ejdb,165
5526a7dc-874a-4356-958f-9121a908f0c7,ecdsa_default_sign_raw.c,build/src/extern_iwnet/src/bearssl/ec/ecdsa_default_sign_raw.c,ejdb,36
c13621e9-9bbb-4d3d-b142-c477a9ec652a,ec_secp256r1.c,build/src/extern_iwnet/src/bearssl/ec/ec_secp256r1.c,ejdb,51
1bee11fc-782c-4f5c-884b-20fdf2a0d92a,ecdsa_i31_bits.c,build/src/extern_iwnet/src/bearssl/ec/ecdsa_i31_bits.c,ejdb,47
c3bdac4c-943c-4a25-aaf4-92de63932020,ec_prime_i15.c,build/src/extern_iwnet/src/bearssl/ec/ec_prime_i15.c,ejdb,824
71b2b4df-e8ac-400f-b3d1-2fa225537fad,ecdsa_i15_bits.c,build/src/extern_iwnet/src/bearssl/ec/ecdsa_i15_bits.c,ejdb,47
3965fb43-585f-4871-a65a-3232d2f1ef10,ecdsa_default_vrfy_asn1.c,build/src/extern_iwnet/src/bearssl/ec/ecdsa_default_vrfy_asn1.c,ejdb,36
0e1cb33c-8614-44fb-a6c2-3cb852bd6760,ec_secp521r1.c,build/src/extern_iwnet/src/bearssl/ec/ec_secp521r1.c,ejdb,64
fc6f1fa1-3dbf-4b38-b736-51f43949619f,ecdsa_default_vrfy_raw.c,build/src/extern_iwnet/src/bearssl/ec/ecdsa_default_vrfy_raw.c,ejdb,36
2e57ad3e-e302-45ed-b538-7853c92419b1,ec_pubkey.c,build/src/extern_iwnet/src/bearssl/ec/ec_pubkey.c,ejdb,85
b79cd7f0-4df7-487c-8149-d9116d8b8813,ecdsa_i31_sign_raw.c,build/src/extern_iwnet/src/bearssl/ec/ecdsa_i31_sign_raw.c,ejdb,173
431968a8-fe55-44f7-947a-db711edeab88,asn1enc.c,build/src/extern_iwnet/src/bearssl/x509/asn1enc.c,ejdb,93
0c0e8f63-b3e9-4b61-a19c-b1daef0e28f8,encode_ec_rawder.c,build/src/extern_iwnet/src/bearssl/x509/encode_ec_rawder.c,ejdb,161
b773c31d-d389-46d6-9edb-d31ea77037ea,x509_minimal_full.c,build/src/extern_iwnet/src/bearssl/x509/x509_minimal_full.c,ejdb,59
52842e31-539d-4d42-bee4-2bad73f1a93c,encode_rsa_rawder.c,build/src/extern_iwnet/src/bearssl/x509/encode_rsa_rawder.c,ejdb,96
c39337a4-2103-47de-a03b-5670712fc543,x509_minimal.c,build/src/extern_iwnet/src/bearssl/x509/x509_minimal.c,ejdb,1722
700c7d73-5007-4830-9988-8008b5bfafbe,x509_knownkey.c,build/src/extern_iwnet/src/bearssl/x509/x509_knownkey.c,ejdb,105
e86e21fb-0685-4925-be1b-9856e8ea7cc6,skey_decoder.c,build/src/extern_iwnet/src/bearssl/x509/skey_decoder.c,ejdb,650
8d3f0acb-c803-4103-8d2b-c26724e38149,encode_rsa_pk8der.c,build/src/extern_iwnet/src/bearssl/x509/encode_rsa_pk8der.c,ejdb,97
df0805f9-02ab-4558-922e-4411d2d34e19,encode_ec_pk8der.c,build/src/extern_iwnet/src/bearssl/x509/encode_ec_pk8der.c,ejdb,110
f37669c6-a84c-407e-82db-6906d18108be,x509_decoder.c,build/src/extern_iwnet/src/bearssl/x509/x509_decoder.c,ejdb,773
5eb12332-176d-4449-99c6-366579055a9b,bre_pkcs10.c,build/src/extern_iwnet/src/bearssl/bre/bre_pkcs10.c,ejdb,255
3c13d615-f532-43b3-9f50-1cffe5805b1a,bre_pool.c,build/src/extern_iwnet/src/bearssl/bre/bre_pool.c,ejdb,126
2e1ab1f3-78bb-4ffd-83ec-8c74b8a5ce2e,bre_utils.c,build/src/extern_iwnet/src/bearssl/bre/bre_utils.c,ejdb,30
111817ff-1a3b-46d0-9cc8-53146107ba63,bre_asn1.c,build/src/extern_iwnet/src/bearssl/bre/bre_asn1.c,ejdb,359
fc30f1de-018e-4437-9781-5c1d954e7c7e,bre_base64.c,build/src/extern_iwnet/src/bearssl/bre/bre_base64.c,ejdb,163
eff49c7e-bd2f-4396-960d-be4733c75212,bre_pkcs10_test.c,build/src/extern_iwnet/src/bearssl/bre/test/bre_pkcs10_test.c,ejdb,51
a4c6f72c-4017-4d64-9d2b-97a5405e710d,hmac.c,build/src/extern_iwnet/src/bearssl/mac/hmac.c,ejdb,122
89e949bb-6f52-49ed-92a5-3e6d374d6113,hmac_ct.c,build/src/extern_iwnet/src/bearssl/mac/hmac_ct.c,ejdb,193
90d960f8-5ae6-4f29-92de-0fab7e1b7732,i32_bitlen.c,build/src/extern_iwnet/src/bearssl/int/i32_bitlen.c,ejdb,44
f6364f2a-968f-4be9-b193-cc16d115dad9,i31_fmont.c,build/src/extern_iwnet/src/bearssl/int/i31_fmont.c,ejdb,60
eca6319c-7cb8-4247-8917-ccf1a91811ab,i31_decred.c,build/src/extern_iwnet/src/bearssl/int/i31_decred.c,ejdb,103
7d094eff-c2e7-4e04-89c9-4707ae46cc91,i15_rshift.c,build/src/extern_iwnet/src/bearssl/int/i15_rshift.c,ejdb,47
4c712e04-b33b-40bb-8706-39b990e4e71a,i62_modpow2.c,build/src/extern_iwnet/src/bearssl/int/i62_modpow2.c,ejdb,493
bf22062d-540a-4a02-bd4b-9716a2b91537,i32_decmod.c,build/src/extern_iwnet/src/bearssl/int/i32_decmod.c,ejdb,77
89736b2c-7d20-45aa-8cb7-007970de3956,i31_encode.c,build/src/extern_iwnet/src/bearssl/int/i31_encode.c,ejdb,79
fdf30780-9b36-46b4-9640-ad5c56f4c446,i32_iszero.c,build/src/extern_iwnet/src/bearssl/int/i32_iszero.c,ejdb,39
04e03dbb-0e79-46a0-bb3a-aff0703104b1,i31_mulacc.c,build/src/extern_iwnet/src/bearssl/int/i31_mulacc.c,ejdb,74
61004f7a-f04a-42b0-80c7-8db6cc7e97c3,i15_modpow2.c,build/src/extern_iwnet/src/bearssl/int/i15_modpow2.c,ejdb,160
0ca49f3e-a8f2-413b-856d-2977c158a1fc,i32_muladd.c,build/src/extern_iwnet/src/bearssl/int/i32_muladd.c,ejdb,138
7498cab7-540d-4c17-9e9d-3c74f673516b,i15_reduce.c,build/src/extern_iwnet/src/bearssl/int/i15_reduce.c,ejdb,66
15cb73de-d1d3-40cf-acf9-03cb905c83cb,i31_decode.c,build/src/extern_iwnet/src/bearssl/int/i31_decode.c,ejdb,57
339e15b4-c579-4995-be37-1a82476fb12a,i15_decred.c,build/src/extern_iwnet/src/bearssl/int/i15_decred.c,ejdb,100
3cff4787-e150-4fa5-b2ab-01611455a719,i31_rshift.c,build/src/extern_iwnet/src/bearssl/int/i31_rshift.c,ejdb,47
c15f7402-0636-45ee-90e0-2cb3a61d5ad9,i32_modpow.c,build/src/extern_iwnet/src/bearssl/int/i32_modpow.c,ejdb,65
afbd2adf-7103-435b-a41a-74583418f7c2,i32_fmont.c,build/src/extern_iwnet/src/bearssl/int/i32_fmont.c,ejdb,60
2fb41fc7-7be2-4c76-80c5-c7993a411493,i31_reduce.c,build/src/extern_iwnet/src/bearssl/int/i31_reduce.c,ejdb,66
40bca942-2a9f-40ee-949e-1131361a29e5,i15_decode.c,build/src/extern_iwnet/src/bearssl/int/i15_decode.c,ejdb,56
de07fcd4-a2ac-42e2-8b0a-c69f7f532ad5,i15_fmont.c,build/src/extern_iwnet/src/bearssl/int/i15_fmont.c,ejdb,59
f280d024-1ac1-4811-8c70-ae2024eb551e,i31_ninv31.c,build/src/extern_iwnet/src/bearssl/int/i31_ninv31.c,ejdb,39
45fe1ea5-73d8-4332-bc73-d469fd510c45,i31_montmul.c,build/src/extern_iwnet/src/bearssl/int/i31_montmul.c,ejdb,127
938acd94-b3d7-487c-bf18-82ce87b4ec3c,i15_encode.c,build/src/extern_iwnet/src/bearssl/int/i15_encode.c,ejdb,56
3e52ffff-a543-4dd6-9644-5ca5ef983f79,i32_div32.c,build/src/extern_iwnet/src/bearssl/int/i32_div32.c,ejdb,56
341bd100-b3b8-44ab-b9d1-56835371d2e4,i15_mulacc.c,build/src/extern_iwnet/src/bearssl/int/i15_mulacc.c,ejdb,61
3dac7295-09c1-478a-8c46-ea83fb12eea6,i31_muladd.c,build/src/extern_iwnet/src/bearssl/int/i31_muladd.c,ejdb,157
dbfd0104-efd7-4395-996c-e4eda31aec2d,i32_ninv32.c,build/src/extern_iwnet/src/bearssl/int/i32_ninv32.c,ejdb,39
a2168e1a-ced0-4314-ba0b-37a922c0ae0d,i32_decode.c,build/src/extern_iwnet/src/bearssl/int/i32_decode.c,ejdb,63
eea9a1f9-c207-4739-8b98-1aef461d453c,i31_decmod.c,build/src/extern_iwnet/src/bearssl/int/i31_decmod.c,ejdb,124
5f665a6f-a319-441e-ab1f-7bd3f7706fa1,i31_tmont.c,build/src/extern_iwnet/src/bearssl/int/i31_tmont.c,ejdb,36
9a208e9b-42c4-4560-94ae-88f716a0c612,i31_iszero.c,build/src/extern_iwnet/src/bearssl/int/i31_iszero.c,ejdb,39
1b304ba6-e9b7-4249-96f0-0976d2b4c045,i32_encode.c,build/src/extern_iwnet/src/bearssl/int/i32_encode.c,ejdb,72
d1d6b9e7-aade-47b1-bcf1-414b374d3da3,i15_montmul.c,build/src/extern_iwnet/src/bearssl/int/i15_montmul.c,ejdb,184
c89c034a-5257-4d61-9492-d18217c3e557,i32_mulacc.c,build/src/extern_iwnet/src/bearssl/int/i32_mulacc.c,ejdb,56
cc661b9d-9af4-4cda-b5c4-3b0f1ee4a14e,i15_moddiv.c,build/src/extern_iwnet/src/bearssl/int/i15_moddiv.c,ejdb,465
435a0f11-3a69-4162-8624-0be7860951fd,i32_decred.c,build/src/extern_iwnet/src/bearssl/int/i32_decred.c,ejdb,107
7ec870e8-52a8-4308-a95e-3f0a1368681f,i31_sub.c,build/src/extern_iwnet/src/bearssl/int/i31_sub.c,ejdb,46
f59f143c-bf46-4e43-94ac-3205af91ce65,i15_modpow.c,build/src/extern_iwnet/src/bearssl/int/i15_modpow.c,ejdb,50
d8ea09d8-809a-4683-9240-0f8fc69ebb4c,i15_add.c,build/src/extern_iwnet/src/bearssl/int/i15_add.c,ejdb,46
88723403-c41d-4e96-a988-89f7d638baad,i31_add.c,build/src/extern_iwnet/src/bearssl/int/i31_add.c,ejdb,46
fb9fce96-b7ff-463a-bd2e-fff598b45ad2,i31_bitlen.c,build/src/extern_iwnet/src/bearssl/int/i31_bitlen.c,ejdb,44
e8460640-4ff2-459f-b4e4-858a06d1475b,i32_montmul.c,build/src/extern_iwnet/src/bearssl/int/i32_montmul.c,ejdb,69
965dc0d7-23ac-4aeb-b717-d1694a6d86bf,i15_sub.c,build/src/extern_iwnet/src/bearssl/int/i15_sub.c,ejdb,46
d6c05434-530a-41df-91bd-a2665e023ec0,i15_iszero.c,build/src/extern_iwnet/src/bearssl/int/i15_iszero.c,ejdb,39
bd73557b-3cac-4985-9864-f2bd49514488,i15_decmod.c,build/src/extern_iwnet/src/bearssl/int/i15_decmod.c,ejdb,124
5bf9fac7-bed8-42b3-a263-ce0b07007626,i32_tmont.c,build/src/extern_iwnet/src/bearssl/int/i32_tmont.c,ejdb,36
987f60b6-9762-4ebd-9f46-7ad7b3e5c767,i32_reduce.c,build/src/extern_iwnet/src/bearssl/int/i32_reduce.c,ejdb,66
490d7d35-defe-4b3d-9000-d4671d9e9276,i15_muladd.c,build/src/extern_iwnet/src/bearssl/int/i15_muladd.c,ejdb,173
ffe67a24-bc50-4db9-bc92-e653ca3f9b5c,i31_modpow2.c,build/src/extern_iwnet/src/bearssl/int/i31_modpow2.c,ejdb,160
870807d6-9ece-4f76-a1f0-5d09a031283a,i15_tmont.c,build/src/extern_iwnet/src/bearssl/int/i15_tmont.c,ejdb,36
e9de6e1f-aed6-4aad-be13-aa60325d2595,i15_bitlen.c,build/src/extern_iwnet/src/bearssl/int/i15_bitlen.c,ejdb,44
f6469ed9-996a-470b-a8e1-d73f91b1f460,i15_ninv15.c,build/src/extern_iwnet/src/bearssl/int/i15_ninv15.c,ejdb,38
c48364cc-92ac-45da-8e85-10b49c7d3c1d,i31_modpow.c,build/src/extern_iwnet/src/bearssl/int/i31_modpow.c,ejdb,65
77fb1cfc-1908-476c-93df-a95ee9effddb,i32_add.c,build/src/extern_iwnet/src/bearssl/int/i32_add.c,ejdb,51
d4ff89b0-acde-40bb-93ca-c408d37c83af,i32_sub.c,build/src/extern_iwnet/src/bearssl/int/i32_sub.c,ejdb,51
46923771-47c1-4d55-8ceb-6fed94c4db6d,i31_moddiv.c,build/src/extern_iwnet/src/bearssl/int/i31_moddiv.c,ejdb,488
2562850d-c1f2-4654-bd25-6a4ca3bfbc36,des_tab_cbcdec.c,build/src/extern_iwnet/src/bearssl/symcipher/des_tab_cbcdec.c,ejdb,85
0eab5cd8-9e38-4d3b-8f89-b7c9608ceefe,aes_ct64.c,build/src/extern_iwnet/src/bearssl/symcipher/aes_ct64.c,ejdb,398
91d8f982-b533-4733-919c-c06429652283,aes_big_cbcenc.c,build/src/extern_iwnet/src/bearssl/symcipher/aes_big_cbcenc.c,ejdb,67
d57362fe-d900-4b11-adfc-9f8127bc325a,aes_pwr8_cbcdec.c,build/src/extern_iwnet/src/bearssl/symcipher/aes_pwr8_cbcdec.c,ejdb,670
47ddfc02-d77c-499b-aa22-101f591e3745,aes_ct_ctr.c,build/src/extern_iwnet/src/bearssl/symcipher/aes_ct_ctr.c,ejdb,116
53856498-48d2-42b9-a031-aa3121a3583c,des_ct.c,build/src/extern_iwnet/src/bearssl/symcipher/des_ct.c,ejdb,411
8748be3e-47a9-48f5-8262-6ae6fd38c778,aes_x86ni_ctrcbc.c,build/src/extern_iwnet/src/bearssl/symcipher/aes_x86ni_ctrcbc.c,ejdb,596
0f254f44-bec9-4bc8-829c-e00e331999bb,aes_small_ctrcbc.c,build/src/extern_iwnet/src/bearssl/symcipher/aes_small_ctrcbc.c,ejdb,142
273ed95a-8f83-4341-98f4-a4d2d10c40be,des_ct_cbcenc.c,build/src/extern_iwnet/src/bearssl/symcipher/des_ct_cbcenc.c,ejdb,69
6bb2f6a4-aa26-443a-981e-ad322715b752,poly1305_ctmul32.c,build/src/extern_iwnet/src/bearssl/symcipher/poly1305_ctmul32.c,ejdb,297
4f95480e-032a-48e5-a52e-36b5202a3a92,aes_big_ctr.c,build/src/extern_iwnet/src/bearssl/symcipher/aes_big_ctr.c,ejdb,84
ac492fa1-a216-466d-b8f4-28e50a9a80cb,aes_ct_ctrcbc.c,build/src/extern_iwnet/src/bearssl/symcipher/aes_ct_ctrcbc.c,ejdb,422
1a5fe9a6-eb69-4930-897f-307f0d8070d1,des_ct_cbcdec.c,build/src/extern_iwnet/src/bearssl/symcipher/des_ct_cbcdec.c,ejdb,87
64d96581-15af-46bf-8f08-03f255ba6ff5,poly1305_ctmulq.c,build/src/extern_iwnet/src/bearssl/symcipher/poly1305_ctmulq.c,ejdb,475
687abda8-5642-40ea-866a-bf1b69c2f023,aes_ct64_ctrcbc.c,build/src/extern_iwnet/src/bearssl/symcipher/aes_ct64_ctrcbc.c,ejdb,433
5181cff5-88cb-4826-8a83-1782c88f70b7,aes_pwr8_cbcenc.c,build/src/extern_iwnet/src/bearssl/symcipher/aes_pwr8_cbcenc.c,ejdb,417
57790b62-7ca7-4a7e-ad1b-df6c242eea36,chacha20_ct.c,build/src/extern_iwnet/src/bearssl/symcipher/chacha20_ct.c,ejdb,106
23db9ba7-e863-4732-86e2-ee74de4e4bb8,aes_big_cbcdec.c,build/src/extern_iwnet/src/bearssl/symcipher/aes_big_cbcdec.c,ejdb,69
c1333799-ccec-4427-9ef8-514aff398d28,aes_small_ctr.c,build/src/extern_iwnet/src/bearssl/symcipher/aes_small_ctr.c,ejdb,84
804b68d7-64db-4384-80d5-dc057c671927,aes_x86ni.c,build/src/extern_iwnet/src/bearssl/symcipher/aes_x86ni.c,ejdb,240
a76da104-f2e7-4f9c-b3ef-2d419cb3c118,des_tab_cbcenc.c,build/src/extern_iwnet/src/bearssl/symcipher/des_tab_cbcenc.c,ejdb,67
85b93385-9fd9-420e-bb65-162c8d4c5bd4,aes_ct64_ctr.c,build/src/extern_iwnet/src/bearssl/symcipher/aes_ct64_ctr.c,ejdb,114
59be1dad-b62e-4161-b8cf-25c4ace0268f,des_support.c,build/src/extern_iwnet/src/bearssl/symcipher/des_support.c,ejdb,166
65ebbb9b-fe9b-4807-86fb-48bb0dbb80db,aes_big_ctrcbc.c,build/src/extern_iwnet/src/bearssl/symcipher/aes_big_ctrcbc.c,ejdb,142
1dca72be-2f92-4e0b-b2d5-088748ec0391,aes_small_dec.c,build/src/extern_iwnet/src/bearssl/symcipher/aes_small_dec.c,ejdb,176
f4f586da-6e13-4132-8af7-a3f75dcc9ffa,aes_x86ni_ctr.c,build/src/extern_iwnet/src/bearssl/symcipher/aes_x86ni_ctr.c,ejdb,211
60e9ee70-56b7-4513-86de-d305c57659c0,aes_common.c,build/src/extern_iwnet/src/bearssl/symcipher/aes_common.c,ejdb,112
312cb92c-6c7e-45d0-b7b6-bcc4d2ae572f,aes_ct64_dec.c,build/src/extern_iwnet/src/bearssl/symcipher/aes_ct64_dec.c,ejdb,159
5593f6ee-6b8d-49a8-a48e-ed554bc1408d,des_tab.c,build/src/extern_iwnet/src/bearssl/symcipher/des_tab.c,ejdb,310
ad222659-d466-4753-8457-65531444d66f,aes_big_dec.c,build/src/extern_iwnet/src/bearssl/symcipher/aes_big_dec.c,ejdb,254
afe1b79f-cec6-42b5-83cc-78090180654c,aes_pwr8.c,build/src/extern_iwnet/src/bearssl/symcipher/aes_pwr8.c,ejdb,445
e752b8ff-93ef-4b23-8ca0-3ae57977ebf4,aes_small_cbcenc.c,build/src/extern_iwnet/src/bearssl/symcipher/aes_small_cbcenc.c,ejdb,67
533a0278-1e6f-42b8-bb10-055a6793773e,aes_ct_cbcdec.c,build/src/extern_iwnet/src/bearssl/symcipher/aes_ct_cbcdec.c,ejdb,111
89afcfc7-e5d9-4fc2-8c38-a2ada7be1e10,chacha20_sse2.c,build/src/extern_iwnet/src/bearssl/symcipher/chacha20_sse2.c,ejdb,237
af0f6b6d-28f9-4530-83f0-a115eb75e5a3,aes_ct_enc.c,build/src/extern_iwnet/src/bearssl/symcipher/aes_ct_enc.c,ejdb,112
7027a674-83da-4e12-a390-8c92b98f4ad1,aes_x86ni_cbcenc.c,build/src/extern_iwnet/src/bearssl/symcipher/aes_x86ni_cbcenc.c,ejdb,122
718d8b57-9749-40a5-81c1-a8d68f6f5281,poly1305_ctmul.c,build/src/extern_iwnet/src/bearssl/symcipher/poly1305_ctmul.c,ejdb,260
80571308-993c-4c70-b7ab-b9d81a79077d,aes_ct64_cbcdec.c,build/src/extern_iwnet/src/bearssl/symcipher/aes_ct64_cbcdec.c,ejdb,104
1d7674ba-ef13-4088-97a1-95272006c5d8,aes_pwr8_ctr.c,build/src/extern_iwnet/src/bearssl/symcipher/aes_pwr8_ctr.c,ejdb,717
322199c7-8273-4783-a223-1cc9dbdd7cab,poly1305_i15.c,build/src/extern_iwnet/src/bearssl/symcipher/poly1305_i15.c,ejdb,221
0d899d6c-5e40-4f64-8a20-7715900912df,aes_ct64_cbcenc.c,build/src/extern_iwnet/src/bearssl/symcipher/aes_ct64_cbcenc.c,ejdb,81
3b1eff0e-e8bf-424b-8988-4e2a15bf6195,aes_x86ni_cbcdec.c,build/src/extern_iwnet/src/bearssl/symcipher/aes_x86ni_cbcdec.c,ejdb,223
36979b5a-4a29-486d-b6dd-8cef426ffa20,aes_ct_dec.c,build/src/extern_iwnet/src/bearssl/symcipher/aes_ct_dec.c,ejdb,170
f143ddf6-1164-4e21-a711-54ad4ddbd5d7,aes_ct_cbcenc.c,build/src/extern_iwnet/src/bearssl/symcipher/aes_ct_cbcenc.c,ejdb,91
db46ca13-b861-461d-9218-e7e73f6b5a2a,aes_small_cbcdec.c,build/src/extern_iwnet/src/bearssl/symcipher/aes_small_cbcdec.c,ejdb,69
f5725449-75db-465a-80f5-feb0b3d13215,aes_ct.c,build/src/extern_iwnet/src/bearssl/symcipher/aes_ct.c,ejdb,328
91c5de5c-3aa8-4072-9b4d-a81ecc58ba48,aes_big_enc.c,build/src/extern_iwnet/src/bearssl/symcipher/aes_big_enc.c,ejdb,157
9f060886-8704-4f64-ae10-e09eadfa8da8,aes_ct64_enc.c,build/src/extern_iwnet/src/bearssl/symcipher/aes_ct64_enc.c,ejdb,115
330da661-a571-4b62-a6b3-6acf47128dfb,aes_small_enc.c,build/src/extern_iwnet/src/bearssl/symcipher/aes_small_enc.c,ejdb,129
1f606971-8dea-4dec-8b5a-ac08871a55bf,aes_pwr8_ctrcbc.c,build/src/extern_iwnet/src/bearssl/symcipher/aes_pwr8_ctrcbc.c,ejdb,946
9af1e024-d860-43e8-afc9-51150399d6e0,sysrng.c,build/src/extern_iwnet/src/bearssl/rand/sysrng.c,ejdb,252
a7c4cab8-1654-4583-b1a4-19c24f38d0da,aesctr_drbg.c,build/src/extern_iwnet/src/bearssl/rand/aesctr_drbg.c,ejdb,206
bc58d13c-1944-4287-bdf3-265b5ecfefa3,hmac_drbg.c,build/src/extern_iwnet/src/bearssl/rand/hmac_drbg.c,ejdb,157
80774574-2d71-44b9-aa47-cf5088aa06c8,iwn_mimetypes.c,build/src/extern_iwnet/src/utils/iwn_mimetypes.c,ejdb,27
096610a4-b485-4bde-9ace-40592ed00f44,iwn_url.c,build/src/extern_iwnet/src/utils/iwn_url.c,ejdb,185
9bb942f0-3749-4c62-ac82-bc21ff41ceb9,iwn_pairs.c,build/src/extern_iwnet/src/utils/iwn_pairs.c,ejdb,160
67a1ed1a-9ac5-4d32-a132-4d3022079d09,iwn_codec.c,build/src/extern_iwnet/src/utils/iwn_codec.c,ejdb,233
c5d1ba47-db12-4d54-9730-18d068343803,iwn_net.c,build/src/extern_iwnet/src/utils/iwn_net.c,ejdb,72
2e0805b3-f706-494a-8483-52d932d0f0e1,iwn_base64.c,build/src/extern_iwnet/src/utils/iwn_base64.c,ejdb,350
9d7211b5-0c24-4b9d-b3a6-c5f29a98bc4f,iwn_wf.c,build/src/extern_iwnet/src/http/iwn_wf.c,ejdb,1589
5de8ffcf-7fe4-4773-909b-9aea1c984831,iwn_wf_sst_inmem.c,build/src/extern_iwnet/src/http/iwn_wf_sst_inmem.c,ejdb,124
b1a93022-d8cc-4b8b-907d-d22c17da6d38,iwn_http_server.c,build/src/extern_iwnet/src/http/iwn_http_server.c,ejdb,2653
2392e07b-551a-42e6-8201-b5fe6ec8e204,iwn_wf_files.c,build/src/extern_iwnet/src/http/iwn_wf_files.c,ejdb,538
7361df4b-2c68-4666-b067-3c569d65b3fe,wf_test1.c,build/src/extern_iwnet/src/http/tests/wf_test1.c,ejdb,415
d7305ce7-3001-4ec1-a754-aaabe8f7224c,proxy1.c,build/src/extern_iwnet/src/http/tests/proxy1.c,ejdb,110
11a1afbd-fbe3-44bf-a9e8-d3840dee2a84,server2.c,build/src/extern_iwnet/src/http/tests/server2.c,ejdb,342
3d5fa457-2796-4f06-9fa5-3c56aae8d267,server1.c,build/src/extern_iwnet/src/http/tests/server1.c,ejdb,183
28a19231-793a-43d9-a30d-76d3ed05f335,echo_http_server.c,build/src/extern_iwnet/src/http/examples/echo_http_server.c,ejdb,95
cb893f0e-0380-4a34-a6a0-499a75f5fd08,todolist_http_server.c,build/src/extern_iwnet/src/http/examples/todolist_http_server.c,ejdb,351
9a5ca301-a7f8-4806-8448-a65fd6bc5b9a,wslay_net.c,build/src/extern_iwnet/src/wslay/wslay_net.c,ejdb,35
31470f1f-ff6f-410a-93a3-ba68b0954e82,wslay_queue.c,build/src/extern_iwnet/src/wslay/wslay_queue.c,ejdb,77
25b29e5b-a432-47ea-8e6d-43a6f8902f77,wslay_event.c,build/src/extern_iwnet/src/wslay/wslay_event.c,ejdb,944
92c8dae6-adf4-48c4-98fb-3cee20ef598f,wslay_frame.c,build/src/extern_iwnet/src/wslay/wslay_frame.c,ejdb,352
862b16c7-bfff-446a-a921-9f29e7bce8c9,iwn_ws_server.c,build/src/extern_iwnet/src/ws/iwn_ws_server.c,ejdb,471
a2c3ea25-d01d-4171-8064-3211e347cab6,iwn_ws_client.c,build/src/extern_iwnet/src/ws/iwn_ws_client.c,ejdb,819
f2c7cc51-57d9-4717-95dd-86f56d9450bd,ws_client_test1.c,build/src/extern_iwnet/src/ws/tests/ws_client_test1.c,ejdb,84
e2ba9e5e-dbfc-43c1-861f-3f01568a940a,ws_client_test2.c,build/src/extern_iwnet/src/ws/tests/ws_client_test2.c,ejdb,87
6015b7b6-b05e-4d6b-bb6d-ef5de1127f5c,ws_client_test3.c,build/src/extern_iwnet/src/ws/tests/ws_client_test3.c,ejdb,64
043e220f-fb62-4bac-8aac-eb1f71f2459f,ws_client_test4.c,build/src/extern_iwnet/src/ws/tests/ws_client_test4.c,ejdb,90
4a68b2fa-7202-4cac-8707-032c6b489267,ws_server1.c,build/src/extern_iwnet/src/ws/tests/ws_server1.c,ejdb,133
496f5343-8a80-466f-af45-a2996f8bfef4,TestQSortR.c,build/src/extern_iowow/cmake/Modules/TestQSortR.c,ejdb,5
11bf1ef0-db18-4a1c-a7d3-975680b477b8,iowow.c,build/src/extern_iowow/src/iowow.c,ejdb,80
ad75c973-6f3a-4e4b-8a56-df5f4b0e9690,iwal.c,build/src/extern_iowow/src/kv/iwal.c,ejdb,1197
8cfdc45c-45e9-451b-a88d-a2c7ee7b459b,iwkv.c,build/src/extern_iowow/src/kv/iwkv.c,ejdb,4141
95b1967b-b305-4a1e-9527-548dfd0d98b7,kyc_benchmark.c,build/src/extern_iowow/src/kv/benchmark/kyc_benchmark.c,ejdb,183
d831dbcd-ff5e-48f2-befe-c6fb7e546d28,bdb_benchmark.c,build/src/extern_iowow/src/kv/benchmark/bdb_benchmark.c,ejdb,215
fc15198a-1227-4132-bf87-3623a118ef43,wiredtiger_benchmark.c,build/src/extern_iowow/src/kv/benchmark/wiredtiger_benchmark.c,ejdb,239
7043a52e-8c77-4c97-90d2-e1066019a3b6,iwkv_benchmark.c,build/src/extern_iowow/src/kv/benchmark/iwkv_benchmark.c,ejdb,187
93f7c8cc-43c4-412b-a100-7dd7cc139e6e,leveldb_benchmark.c,build/src/extern_iowow/src/kv/benchmark/leveldb_benchmark.c,ejdb,200
bac0cfc4-067f-4420-97f5-bdb2c6b4a590,bmbase.c,build/src/extern_iowow/src/kv/benchmark/bmbase.c,ejdb,674
76adf035-9070-4ee6-8abc-5b2755999321,tc_benchmark.c,build/src/extern_iowow/src/kv/benchmark/tc_benchmark.c,ejdb,153
44c9857c-43f3-4289-96af-88890837efa5,lmdb_benchmark.c,build/src/extern_iowow/src/kv/benchmark/lmdb_benchmark.c,ejdb,204
9afd5547-e78f-42b9-a892-2de490a105af,iwkvdbg.c,build/src/extern_iowow/src/kv/dbg/iwkvdbg.c,ejdb,151
5032d5a5-be96-440f-92a5-50af345e4f87,iwkv_test5.c,build/src/extern_iowow/src/kv/tests/iwkv_test5.c,ejdb,283
35622882-ee3f-41b2-b1e7-9dd14e8a4688,iwkv_test10.c,build/src/extern_iowow/src/kv/tests/iwkv_test10.c,ejdb,146
e29e67ad-05eb-4a05-b293-c6caf6345435,iwkv_test1.c,build/src/extern_iowow/src/kv/tests/iwkv_test1.c,ejdb,941
c7f5b4ca-281b-4b2f-8116-927e6cb9d036,iwkv_test6.c,build/src/extern_iowow/src/kv/tests/iwkv_test6.c,ejdb,158
32619b5e-e944-4ad1-ae29-1cd5445a8705,iwkv_test8.c,build/src/extern_iowow/src/kv/tests/iwkv_test8.c,ejdb,297
f00b2349-1986-4968-b82e-be846f34e84b,iwkv_test2.c,build/src/extern_iowow/src/kv/tests/iwkv_test2.c,ejdb,86
28cea65f-0fba-473c-b267-2aeca5ac0100,iwkv_test7.c,build/src/extern_iowow/src/kv/tests/iwkv_test7.c,ejdb,112
ee277ca1-f56c-452d-8d59-e22f26227e01,iwkv_test3.c,build/src/extern_iowow/src/kv/tests/iwkv_test3.c,ejdb,202
66e4d249-0893-4b09-bd32-797f921987eb,iwkv_test9.c,build/src/extern_iowow/src/kv/tests/iwkv_test9.c,ejdb,83
876eceac-8677-4c6a-917a-35b7b77fb34f,iwkv_test4.c,build/src/extern_iowow/src/kv/tests/iwkv_test4.c,ejdb,343
b91d115e-4441-44ba-a8dd-258ac1260f10,example1.c,build/src/extern_iowow/src/kv/examples/example1.c,ejdb,57
88b56913-5c02-4213-bf15-faee62225fb0,cursors1.c,build/src/extern_iowow/src/kv/examples/cursors1.c,ejdb,116
3967a3cc-3255-4f10-baa5-c771ce8dd0d3,compoundkeys1.c,build/src/extern_iowow/src/kv/examples/compoundkeys1.c,ejdb,121
8d1e5122-1893-4366-a22b-39246d6116c6,iwp.c,build/src/extern_iowow/src/platform/iwp.c,ejdb,264
5d5ac9cc-21d1-482c-a9e9-086dab739634,unix.c,build/src/extern_iowow/src/platform/unix/unix.c,ejdb,424
8c7dabd5-c75c-4ebe-bad7-86ff66918ba6,win32.c,build/src/extern_iowow/src/platform/win32/win32.c,ejdb,320
4da7c995-d541-456e-a896-05538fb3f23e,mman.c,build/src/extern_iowow/src/platform/win32/mman/mman.c,ejdb,133
cfba522f-e89a-4ee6-8d80-1ead53da1e58,iwrdb.c,build/src/extern_iowow/src/rdb/iwrdb.c,ejdb,293
f06b94ac-c593-425f-bbe1-a5ef9300831e,iwxstr.c,build/src/extern_iowow/src/utils/iwxstr.c,ejdb,349
eefb08c0-cfb5-4a66-9165-f62ad0a27aea,iwpool.c,build/src/extern_iowow/src/utils/iwpool.c,ejdb,272
f042a6f7-ee10-43b8-a267-f64b1e76fc62,iwuuid.c,build/src/extern_iowow/src/utils/iwuuid.c,ejdb,74
d6b87cdf-9827-4ce0-896e-fac2ca7e01ab,mt19937ar.c,build/src/extern_iowow/src/utils/mt19937ar.c,ejdb,218
7e155605-6c1b-459a-9c4e-361c0614b37f,iwhmap.c,build/src/extern_iowow/src/utils/iwhmap.c,ejdb,601
124b2923-b64e-491f-b6f5-c2acf5aa7ecf,utf8proc.c,build/src/extern_iowow/src/utils/utf8proc.c,ejdb,329
04349d90-7e98-43f4-a310-1b32fa415700,iwini.c,build/src/extern_iowow/src/utils/iwini.c,ejdb,307
85056fe6-b724-406d-ba2d-dff9c29df38e,iwrb.c,build/src/extern_iowow/src/utils/iwrb.c,ejdb,112
d9fa2fc7-c564-46ab-bee5-df7f21f704b5,iwavl.c,build/src/extern_iowow/src/utils/iwavl.c,ejdb,789
b52cf1d6-147d-4987-8fe5-25088b4a9d81,iwtp.c,build/src/extern_iowow/src/utils/iwtp.c,ejdb,300
5fcad027-1d75-476b-b773-6795d47c7aaf,iwutils.c,build/src/extern_iowow/src/utils/iwutils.c,ejdb,364
df32c720-0892-45b6-bee6-86dcfd8ac2e9,iwth.c,build/src/extern_iowow/src/utils/iwth.c,ejdb,121
4c399c4a-0aee-44ce-a017-38faf6fd1b16,murmur3.c,build/src/extern_iowow/src/utils/murmur3.c,ejdb,379
abad0bf5-27c4-4a05-abcc-0c797e22f5ba,iwconv.c,build/src/extern_iowow/src/utils/iwconv.c,ejdb,544
560b7394-73fd-48b1-9839-f3cdcf61701c,iwarr.c,build/src/extern_iowow/src/utils/iwarr.c,ejdb,698
d094430f-f37a-4de1-a46c-e2909105f2ec,iwstw.c,build/src/extern_iowow/src/utils/iwstw.c,ejdb,323
61883036-8046-45ba-9f1f-ba642bf934e8,iwutils_test1.c,build/src/extern_iowow/src/utils/tests/iwutils_test1.c,ejdb,237
5be8f5fe-5e7a-4de9-b13f-5a8cce9e890f,iwhmap_test1.c,build/src/extern_iowow/src/utils/tests/iwhmap_test1.c,ejdb,175
c1b03245-60f2-498b-aa6e-93a5d454418c,iwarr_test1.c,build/src/extern_iowow/src/utils/tests/iwarr_test1.c,ejdb,69
df93ae87-6af0-4955-8cc1-1df8ba19c6c2,iwjson.c,build/src/extern_iowow/src/json/iwjson.c,ejdb,2989
187390e0-370a-497f-9928-01c1479b4fbc,iwjser.c,build/src/extern_iowow/src/json/iwjser.c,ejdb,597
ffddef3c-5d4c-4ba2-91e1-f8b6215b0a4b,iwbinn.c,build/src/extern_iowow/src/json/iwbinn.c,ejdb,3153
1189d645-1eef-419e-aa24-88dc9264e626,jbl_test_binn1.c,build/src/extern_iowow/src/json/tests/jbl_test_binn1.c,ejdb,1842
3bb90e8a-9fcb-466d-aea7-34e08e1c11c0,jbl_test1.c,build/src/extern_iowow/src/json/tests/jbl_test1.c,ejdb,906
dab033af-74db-4ac7-aa33-e7b4a4959d70,jbl_test_binn2.c,build/src/extern_iowow/src/json/tests/jbl_test_binn2.c,ejdb,2464
ae1bd7e6-9e09-4679-aa1d-7955ca5d6b10,iwlog.c,build/src/extern_iowow/src/log/iwlog.c,ejdb,532
c78d9757-5b99-4de1-ad06-6391caec44cc,iwlog_test1.c,build/src/extern_iowow/src/log/tests/iwlog_test1.c,ejdb,135
a06b4670-ac5c-405d-aaf7-9f4be02bbf69,iwexfile.c,build/src/extern_iowow/src/fs/iwexfile.c,ejdb,945
d557dca6-91ff-401f-8224-625fd4549950,iwfsmfile.c,build/src/extern_iowow/src/fs/iwfsmfile.c,ejdb,2026
691da51b-fe85-4ba5-8e61-4ed673df7eb6,iwfile.c,build/src/extern_iowow/src/fs/iwfile.c,ejdb,315
797c4917-d94e-4705-aaed-bbb1515532d6,iwfs.c,build/src/extern_iowow/src/fs/iwfs.c,ejdb,37
96b34360-4829-4414-96a2-1795e2bca2fa,iwfs_test3.c,build/src/extern_iowow/src/fs/tests/iwfs_test3.c,ejdb,262
94a90dc1-c785-4cb7-8e36-62ec1417bc52,iwfs_test1.c,build/src/extern_iowow/src/fs/tests/iwfs_test1.c,ejdb,373
84a6a27a-4b9a-4723-954b-ea1914c6dca8,iwfs_test2.c,build/src/extern_iowow/src/fs/tests/iwfs_test2.c,ejdb,783
be9591ef-a98d-46f2-afc2-f3e26864eb2c,compile.c,build/src/extern_iowow/src/re/compile.c,ejdb,339
c67fbf31-678b-4d57-91a6-bc6edfde5de8,iwre.c,build/src/extern_iowow/src/re/iwre.c,ejdb,64
34bbb257-9d6b-4fe7-a3e6-eab11b0eb993,vm.c,build/src/extern_iowow/src/re/vm.c,ejdb,230
9bcdf939-c5a0-4cfe-b352-82ac9eaef035,parse.c,build/src/extern_iowow/src/re/parse.c,ejdb,294
1ca3242c-e867-4666-8236-f13e152e4bc7,iwre_test1.c,build/src/extern_iowow/src/re/tests/iwre_test1.c,ejdb,66
b1f86e1e-89d1-4efb-a4cd-de6b9edbbc7a,ejdb2.c,src/ejdb2.c,ejdb,1885
c75a4e01-2086-4a01-80e2-349956702320,jqp.c,src/jql/jqp.c,ejdb,3169
9fb4294c-b073-4d26-8d05-e0527b18e23a,jql.c,src/jql/jql.c,ejdb,1893
7bc99bd0-f96a-405f-a699-bdcdecc23b33,jqpx.c,src/jql/inc/jqpx.c,ejdb,1441
f5fe8a18-b3be-48ef-a69a-45db4aa8e31a,jql_test1.c,src/jql/tests/jql_test1.c,ejdb,343
33630faa-2c65-4aba-bea0-bc142345e232,jbi_pk_scanner.c,src/jbi/jbi_pk_scanner.c,ejdb,43
3a02ffb9-532b-4fef-844d-52e3b94c3cd7,jbi_consumer.c,src/jbi/jbi_consumer.c,ejdb,133
7d3651d0-7be8-4e08-8780-f7400cd42185,jbi_selection.c,src/jbi/jbi_selection.c,ejdb,465
810bea32-012d-4a47-b81c-06bf88c66538,jbi_uniq_scanner.c,src/jbi/jbi_uniq_scanner.c,ejdb,233
cadd4a42-6b9e-45de-8090-cae29f6b0524,jbi_util.c,src/jbi/jbi_util.c,ejdb,282
73bce456-ce3a-4b7b-b55c-7dcca03e791c,jbi_full_scanner.c,src/jbi/jbi_full_scanner.c,ejdb,40
17c7ec09-4fa2-4d6d-b0e0-00921d39beb2,jbi_dup_scanner.c,src/jbi/jbi_dup_scanner.c,ejdb,290
cdaa0f92-0e59-452f-9c0d-1f3f0b5e8e4b,jbi_sorter_consumer.c,src/jbi/jbi_sorter_consumer.c,ejdb,289
6435adae-6f21-48c6-b02e-6abe28ab493d,jbr.c,src/jbr/jbr.c,ejdb,1156
ab7210b0-9eaa-4b33-89b2-d8051b0747ec,jbr_test1.c,src/jbr/tests/jbr_test1.c,ejdb,286
fd2c8b6b-6942-4785-8222-0a893a534eee,jbs.c,src/jbs/jbs.c,ejdb,191
edd1d4fd-f0c8-4351-a054-9a637eeed990,ejdb_test3.c,src/tests/ejdb_test3.c,ejdb,1180
3d8b19c9-8010-4f13-a5af-3b7cf9011ec8,ejdb_test4.c,src/tests/ejdb_test4.c,ejdb,232
7e6bc412-ed20-4884-a1e0-9f9ed82a0048,ejdb_test1.c,src/tests/ejdb_test1.c,ejdb,316
276e92f2-f6b8-45d2-a3ee-9440432760a4,ejdb_test5.c,src/tests/ejdb_test5.c,ejdb,143
d768d017-42d7-4227-a892-e553316439f6,ejdb_test2.c,src/tests/ejdb_test2.c,ejdb,321
39193dcb-7bca-44e6-897e-987c7fe6dcdd,example1.c,src/examples/example1.c,ejdb,76
f207481a-c94b-4390-9f09-9abe72664108,ejdb2_dart.c,src/bindings/ejdb2_dart/lib/ejdb2_dart.c,ejdb,1506
edf451c1-269e-4e6b-b7f2-ab192e1f26b6,ejdb2jni.c,src/bindings/ejdb2_jni/src/ejdb2jni.c,ejdb,1228
0c1a60f8-ef47-4e48-b171-460ed09bbcf3,ejdb2_node.c,src/bindings/ejdb2_node/ejdb2_node.c,ejdb,2091
